Street#,Dir,Street,Type_,Post Dir,Loc,Zip,Council,Neighborhood,Referred,Down & Clear
943,S,7th,St,,Entire,,,,,8/27/2002
2109,W,Muhammad Ali,Blvd,,Entire,,,,,12/31/2003
722,S,15th,St,,Entire,,,,,1/7/2004
742,S,15th,St,,Entire,,,,,1/7/2004
732,S,16th,St,,Entire,,,,,1/27/2004
5315,,Red Oak,Ln,,Entire,,,,,2/3/2004
1305,s,16th,St,,Entire,,,,,2/20/2004
340,E,Ormsby,Ave,,Entire,,,,,2/24/2004
1311,S,16th,St,,Entire,,,,,2/27/2004
119,N,17th,St,,Entire,,,,,3/3/2004
534,N,17th,St,,Entire,,,,,3/11/2004
538,N ,17th,St,,Entire,,,,,3/19/2004
405,S,18th,St,,Entire,,,,,3/29/2004
516,N ,18th,St,,Entire,,,,,4/16/2004
5300,,Preston,Hwy,,Entire,,,,,4/16/2004
520,S,18th,St,,Entire,,,,,4/19/2004
535,S,18th,St,,Entire,,,,,5/3/2004
114,N ,19th,St,,Entire,,,,,5/6/2004
119,N,19th,St,,Entire,,,,,5/7/2004
1246,S,1st,St,,Entire,,,,,5/11/2004
2103,W,Market,St,,Entire,,,,,5/13/2004
4507,,River Front,Dr,,Entire,,,,,5/17/2004
130,N,20th,St,,Entire,,,,,5/19/2004
311,S,20th,St,,Entire,,,,,5/19/2004
531,N ,20th,St,,Entire,,,,,5/21/2004
4606,E,Overbrook,Dr,,Entire,,,,,5/21/2004
535,N,20th,St,,Entire,,,,,5/24/2004
619,S,20th,St,,Entire,,,,,5/28/2004
4148,W,Market,St,,Entire,,,,,6/7/2004
410,N,20th ,St,,Rear,,,,,6/11/2004
610,S,20th ,St,,Entire,,,,,6/22/2004
310,N ,21st,St,,Entire,,,,,6/22/2004
3901,W,Muhammad Ali,Bvd,,Entire,,,,,6/22/2004
312,N,21st,St,,Entire,,,,,6/23/2004
315,N,21st,St,,Entire,,,,,7/7/2004
329,N,21st,St,,Entire,,,,,7/8/2004
223,N,21st ,St,,Entire,,,,,7/21/2004
326,N,22nd,St,,Entire,,,,,7/27/2004
522,N,22nd,St,,Entire,,,,,7/28/2004
528,N,22nd,St,,Entire,,,,,7/28/2004
2606,W,Muhammad Ali,Blvd,,Entire,,,,,7/28/2004
1332,S,22nd,St,,Entire,,,,,8/2/2004
1334,S,22nd,St,,Entire,,,,,8/9/2004
208,N,22nd ,St,,Entire,,,,,8/12/2004
2208,W,Ormsby,Ave,,Entire,,,,,8/12/2004
618,N,23rd,St,,Entire,,,,,8/13/2004
731,S,23rd,St,,Entire,,,,,8/16/2004
843,S,23rd,St,,Entire,,,,,8/16/2004
860,S,23rd,St,,Entire,,,,,8/25/2004
436,,Marret,Ave,,Entire,,,,,8/25/2004
117,N,24th,St,,Entire,,,,,8/27/2004
4609,E,Overbrook,Dr,,Entire,,,,,8/27/2004
224,S,24th,St,,Entire,,,,,8/30/2004
225,S,24th,St,,Entire,,,,,8/30/2004
2205,W,Market,St,,Entire,,,,,8/30/2004
316,N ,24th,St,,Entire,,,,,8/31/2004
1782,W,Ormsby,Ave,,Entire,,,,,9/3/2004
616,,24th,St,,Entire,,,,,9/15/2004
326 & 328,N,24th,St,,Entire,,,,,9/15/2004
5003,S,Overbrook,Dr,,Entire,,,,,9/15/2004
2010,,Rowan,St,,Entire,,,,,9/15/2004
725,S,24th ,St,,Entire,,,,,9/16/2004
337,N,25th,St,,Entire,,,,,9/28/2004
857,S,25th,St,,Entire,,,,,9/29/2004
3009,,River Park,Dr,,Entire,,,,,10/20/2004
858,S,25th,St,,Entire,,,,,11/1/2004
860,S,25th,St,,Entire,,,,,11/1/2004
212,N,26th,St,,Entire,,,,,11/16/2004
519,S,26th,St,,Entire,,,,,12/22/2004
666,S,26th,St,,Entire,,,,,1/13/2005
1338,S,26th,St,,Entire,,,,,1/13/2005
832,,Marshall,St,,Entire,,,,,1/13/2005
1825,,Military,Ave,,Entire,,,,,1/14/2005
1340,S,26th,St,,Entire,,,,,2/2/2005
1818,W,Ormsby,Ave,,Entire,,,,,3/7/2005
643,,Mix,Ave,,Entire,,,,,3/8/2005
1344,S,26th,St,,Entire,,,,,3/18/2005
1357,S,26th,St,,Entire,,,,,3/19/2005
1130-32,S,26th,St,,Entire,,,,,3/29/2005
913,,Mary,St,,Entire,,,,,4/4/2005
666,S,26th Garage,St,,Rear,,,,,4/19/2005
1702,W,Kentucky,St,,Garage,40210,6,California,,4/20/2005
322,N,27th,St,,Entire,,,,,5/4/2005
2408,W,Market ,St,,Entire,,,,,5/4/2005
834,,Marshall,St,,Entire,,,,,5/4/2005
1733,,Rowan,St,,Entire,,,,,5/4/2005
2019,,Rowan,St,,Entire,,,,,6/20/2005
2007,W,Market,St,,Entire,,,,,6/30/2005
1661,W,Oak,St,,Entire,,,,,6/30/2005
4713,S,Overbrook,Dr,,Entire,,,,,6/30/2005
5104,S,Overbrook,Dr,,Entire,,,,,6/30/2005
1605-07,W,Market,St,,Entire,,,,,7/18/2005
3003,,Rodman,St,,Entire,,,,,8/2/2005
2115,W,Muhammad Ali,Blvd,,Entire,,,,,8/12/2005
3914,,Pflanz,Ave,,Rear,,,,,8/16/2005
923,E,Oak,St,,Entire,,,,,9/9/2005
7610,,Norwood,Dr,,Entire,,,,,9/28/2005
5209,,Red Oak ,Ln,,Entire,,,,,9/28/2005
523,N ,27th,St,,Entire,,,,,10/1/2005
512,E,Ormsby,Ave,,Entire,,,,,10/14/2005
514,E,Ormsby,Ave,,Entire,,,,,10/14/2005
642,S,27th,St,,Entire,,,,,10/18/2005
444,E,Oak,St,,Entire,,,,,11/3/2005
4608,E,Overbrook,Dr,,Entire,,,,,11/7/2005
933,,Mary ,St,,Entire,,,,,11/30/2005
662,S,27th,St,,Entire,,,,,12/7/2005
536,S,28th,St,,Entire,,,,,12/9/2005
2016,W,Market,St,,Entire,,,,,12/13/2005
4128,,Wilshire,Ave,,Entire,,,,,12/15/2005
1715,,Prentice,St,,Entire,,,,,12/16/2005
4210,,Wilmoth,Ave,,Entire,,,,,12/29/2005
827,S,28th,St,,Entire,,,,,1/5/2006
609,N,31st,St,,Entire,,,,,1/9/2006
612,N,31st,St,,Entire,,,,,1/13/2006
734,S,32nd,St,,Entire,,,,,1/23/2006
804,S,32nd,St,,Entire,,,,,1/23/2006
831,S,32nd,St,,Entire,,,,,1/26/2006
1529,S,32nd,St,,Entire,,,,,1/30/2006
819,S ,33rd,St,,Entire,,,,,1/31/2006
323,N,34th,St,,Entire,,,,,2/6/2006
1711,,Prentice,St,,Entire,,,,,2/6/2006
713,S,34th,ST,,Entire,,,,,2/24/2006
813,S,34th,St,,Entire,,,,,2/24/2006
827,S,34th,St,,Entire,,,,,2/24/2006
309,N,35th,St,,Entire,,,,,2/24/2006
9403,,New Maple,Rd,,Entire,,,,,2/24/2006
671,S,36th,St,,Entire,,,,,2/27/2006
826,S,37th,St,,Entire,,,,,2/27/2006
1826,,Northwestern,Pkwy,,Entire,,,,,2/27/2006
614,S,38th,St,,Entire,,,,,3/1/2006
637,S,39th,St,,Entire,,,,,3/9/2006
639,S,39th,St,,Entire,,,,,3/14/2006
7724,,3rd Street,Rd,,Entire,,,,,3/14/2006
1039,S,40th,St,,Entire,,,,,3/27/2006
1457,,Mellwood,Ave,,Entire,,,,,3/28/2006
1207,S,41st,St,,Entire,,,,,3/30/2006
311,N,44th,St,,Entire,,,,,3/30/2006
1616,W,Oak,St,,Entire,,,,,3/30/2006
3017,,River Park,Dr,,Rear,,,,,3/30/2006
1432,S,9th,St,,Entire,,,,,4/4/2006
2108,,Owen,St,,Entire,,,,,4/4/2006
1460,S,9th,St,,Entire,,,,,4/21/2006
1102,,Mulberry,St,,Entire,,,,,5/3/2006
1448,S,9th ,St,,Entire,,,,,5/8/2006
2728,,Alford,Ave,,Entire,,,,,5/11/2006
1242,,Algonquin,Pkwy,,Entire,,,,,5/19/2006
500,,Amy,Ave,,Entire,,,,,6/5/2006
1511,,Anderson,St,,Entire,,,,,6/19/2006
1516,,Anderson,St,,Entire,,,,,6/22/2006
6603,,Applegate,Ln,,Entire,,,,,6/22/2006
1820,,Baird,St,,Entire,,,,,6/22/2006
1912,,Baird,St,,Entire,,,,,6/22/2006
1721,,Prentice,St,,Entire,,,,,6/22/2006
1633,,Bank,St,,Entire,,,,,6/27/2006
1908,,Bank,St,,Entire,,,,,6/30/2006
2563,,Bank,St,,Entire,,,,,7/10/2006
2916,,Bank,St,,Entire,,,,,7/10/2006
1801-03,,Bank,St,,Entire,,,,,7/17/2006
5001,,Monticello ,Ave,,Entire,,,,,7/17/2006
1429,,Beech,St,,Entire,,,,,7/18/2006
1442,,Beech,St,,Entire,,,,,7/18/2006
1836,,Berry,Blvd,,Entire,,,,,7/18/2006
1620,,Berry ,Blvd,,Garage,,,,,7/18/2006
2646,,Olive ,St,,Entire,,,,,7/18/2006
2510,,Blevins Gap,Rd,,Entire,,,,,7/26/2006
1733,,Bolling,Ave,,Entire,,,,,7/27/2006
2210,,Bolling,Ave,,Entire,,,,,7/31/2006
120,,Boston,Ct,,Entire,,,,,8/3/2006
463,E,Brandeis,Ave,,Entire,,,,,8/3/2006
917,,Brentwood,Ave,,Entire,,,,,8/3/2006
5607,,Brinson,Dr,,Entire,,,,,8/4/2006
9409,,New Maple,Rd,,Entire,,,,,8/4/2006
4011,W,Broadway,,,Rear,,,,,8/17/2006
4017,W,Broadway,,,Entire,,,,,8/17/2006
4142,W,Broadway,,,Entire,,,,,8/23/2006
3434,W,Market,St,,Entire,,,,,8/30/2006
10001,,Brownsboro,Rd,,Entire,,,,,9/11/2006
9313,,New Maple ,Rd,,Entire,,,,,9/15/2006
1814,W,Burnett,Ave,,Entire,,,,,10/27/2006
2327,W,Burnett,Ave,,Entire,,,,,10/27/2006
1709,,Prentice,St,,Entire,,,,,10/27/2006
4311,,Camp Ground,Rd,,Entire,,,,,11/10/2006
4619,,Cane Run,Rd,,Entire,,,,,11/10/2006
2433,,Montgomery,St,,Entire,,,,,11/10/2006
4646,,Cane Run,Rd,,Entire,,,,,11/14/2006
6700,,Capella,Ln,,Entire,,,,,11/27/2006
12602,,Castle ,Rd,,Entire,,,,,11/28/2006
1111,,Cecil,Ave,,Entire,,,,,11/29/2006
2239,,Cedar,St,,Entire,,,,,11/30/2006
2705,,Cedar,St,,Entire,,,,,12/4/2006
1948,W,Chestnut,St,,Entire,,,,,12/21/2006
2343,W,Chestnut,St,,Entire,,,,,1/3/2007
2831,W,Chestnut,St,,Entire,,,,,1/8/2007
1227,S,Clay,St,,Entire,,,,,1/10/2007
5607,,Clearridge,Pl,,Entire,,,,,1/10/2007
2508,,Columbia,St,,Entire,,,,,1/11/2007
3803,,Powell,Ave,,Entire,,,,,1/11/2007
2532,,Columbia,St,,Entire,,,,,1/18/2007
2730,,Congress,St,,Entire,,,,,1/18/2007
5103,,Constance,Dr,,Entire,,,,,1/30/2007
6219,,Cooper Chapel,Rd,,Entire,,,,,1/30/2007
3958,,Craig,Ave,,Entire,,,,,1/30/2007
663,,Curry,Ct,,Entire,,,,,1/30/2007
1817,,Date,St,,Entire,,,,,2/2/2007
1920,,Owen,St,,Entire,,,,,2/2/2007
926,,Dixie,hwy,,Entire,,,,,2/7/2007
938,,Dixie,Hwy,,Entire,,,,,2/7/2007
1104,,Dixie,Hwy,,Entire,,,,,2/8/2007
1128,,Dixie,Hwy,,Entire,,,,,2/13/2007
1147,,Dixie,Hwy,,Entire,,,,,2/13/2007
1237,,Dixie,Hwy,,Garage,,,,,2/13/2007
2431,,Montgomery,St,,Entire,,,,,2/23/2007
1301,,Dixie,Hwy,,Entire,,,,,2/28/2007
840,S,Preston,St,,Entire,,,,,3/2/2007
3801,,Dixie,Hwy ,,Entire,,,,,3/5/2007
12800,,Dixie,Hwy,,Rear,,,,,3/7/2007
13519,,Dixie,Hwy,,Entire,,,,,3/13/2007
15522,,Dixie,Hwy,,Rear,,,,,3/19/2007
1303,,Dixie ,Hwy,,Entire,,,,,3/22/2007
2327,,Rowan,St,,Entire,,,,,3/26/2007
10411,S,Dodge,Ln,,Entire,,,,,3/28/2007
309,,Dr WJ Hodge,St,,Entire,,,,,3/30/2007
1539,,Dumesnil,St,,Entire,,,,,4/3/2007
1736,W,Oak,St,,Entire,,,,,4/11/2007
2302,,Dumesnil,St,,Rear,,,,,4/16/2007
1741,,Dumesnil,St,,Rear,,,,,4/19/2007
1814,,Duncan,St,,Entire,,,,,4/26/2007
2209,,Duncan,St,,Entire,,,,,5/1/2007
2401,,Duncan,St,,Entire,,,,,5/1/2007
4127,W,Market,ST,,Garage,,,,,5/1/2007
2409,,Duncan,St,,Entire,,,,,5/10/2007
2702,,Duncan,St,,Entire,,,,,5/22/2007
2921,,Duncan,St,,Entire,,,,,5/24/2007
1317,,Earl,Ave,,Entire,,,,,5/24/2007
2024,,Pirtle,St,,Entire,,,,,5/24/2007
2523,,Elliott,Ave,,Entire,,,,,5/29/2007
2436,,Elliott,Ave,,Entire,,,,,5/30/2007
2308,,Elmore,St,,Entire,,,,,5/31/2007
6722,,Elmwood,St,,Entire,,,,,6/4/2007
603,,Finzer,St,,Entire,,,,,6/4/2007
1633,,Fulton,St,,Entire,,,,,6/5/2007
1533,,Gallagher,St,,Entire,,,,,6/5/2007
1700,,Gallagher,St,,Entire,,,,,6/5/2007
1711,,Gallagher,St,,Entire,,,,,6/5/2007
4026,,Muhammad Ali,,,Entire,,,,,6/5/2007
1525,,Garland,Ave,,Entire,,,,,6/12/2007
2204,,Garland,Ave,,Entire,,,,,6/21/2007
2537,,Garland,Ave,,Entire,,,,,6/26/2007
2601,,Garland,Ave,,Entire,,,,,6/28/2007
1717,W,Gaulbert,Ave,,Entire,,,,,6/28/2007
9112,,Minor,Ln,,Entire,,,,,6/28/2007
1816,W,Gaulbert,Ave,,Rear,,,,,6/29/2007
9806,,Gerald,Way,,Entire,,,,,6/29/2007
2712,,Gilligan,St,,Entire,,,,,7/2/2007
330,,Glendora,Ave,,Rear,,,,,7/5/2007
1017,,Goss,Ave,,Entire,,,,,7/11/2007
6519,,Putman,St,,Entire,,,,,7/12/2007
2236,,Grand,Ave,,Entire,,,,,7/13/2007
3407,,Grand,Ave,,Entire,,,,,7/16/2007
3,,Grand ,Ave,,Entire,,,,,7/20/2007
5,,Grand ,Ave,,Entire,,,,,7/26/2007
2402,,Granger,Rd,,Entire,,,,,8/7/2007
2019,W,Market,St,,Entire,,,,,8/8/2007
2100,,Greenwood,Ave,,Entire,,,,,8/9/2007
2147,,Rowan,St,,Entire,,,,,8/9/2007
2327,,Greenwood,Ave,,Entire,,,,,8/10/2007
2505,,Greenwood,Ave,,Entire,,,,,8/14/2007
3417,,Greenwood,Ave,,Entire,,,,,8/15/2007
3524,,Greenwood,Ave,,Entire,,,,,8/22/2007
3534,,Greenwood,Ave,,Entire,,,,,8/22/2007
2021,W,Market,St,,Entire,,,,,8/22/2007
3906,,Greenwood,Ave,,Entire,,,,,8/29/2007
1912,,Griffiths,Ave,,Entire,,,,,9/1/2007
2229,,Griffiths,Ave,,Entire,,,,,9/5/2007
2410,,Griffiths,Ave,,Entire,,,,,9/6/2007
2821,,Griffiths ,Ave,,Entire,,,,,9/20/2007
2828,,Griffiths ,Ave,,Entire,,,,,9/25/2007
1518,,Hale,Ave,,Entire,,,,,9/25/2007
1819,,Osage,Ave,,Entire,,,,,9/25/2007
1630,,Hale,Ave,,Entire,,,,,9/27/2007
1826,,Hale,Ave,,Entire,,,,,10/1/2007
1829,,Hale,Ave,,Entire,,,,,10/1/2007
3511,,Hale,Ave,,Entire,,,,,10/9/2007
928,S,Hancock,St,,Entire,,,,,10/16/2007
1426,,Hancock,St,,Entire,,,,,10/18/2007
1694,,Harold,Ave,,Entire,,,,,10/25/2007
11209,,Harrison,Ln,,Entire,,,,,10/30/2007
1530,,Hemlock,St,,Entire,,,,,10/30/2007
1921,W,Market,St,,Rear,40203,,,,10/30/2007
1542,,Hemlock,St,,Entire,,,,,11/1/2007
722,,Henry Firpo,St,,Entire,,,,,11/6/2007
3229,,Herman,St,,Entire,,,,,11/12/2007
1210,,Herr,Ave,,Entire,,,,,11/16/2007
13007,,Hidden Springs,Rd,,Entire,,,,,11/16/2007
637,E,Hill,St,,Entire,,,,,11/20/2007
709,E,Hill,St,,Entire,,,,,11/28/2007
2327,W,Hill,St,,Rear,,,,,11/28/2007
1602,W,Oak,St,,Entire,,,,,11/28/2007
1604,W,Oak,St,,Entire,,,,,11/28/2007
125,,Hill Bend,Pl,,Entire,,,,,12/5/2007
13327,,Horncastle,Way,,Entire,,,,,12/12/2007
2300,,Howard,St,,Entire,,,,,12/12/2007
2309,,Howard,St,,Entire,,,,,12/12/2007
2012,,Penile,Rd,,Entire,,,,,12/12/2007
2311,,Howard,St,,Entire,,,,,12/17/2007
326,N,24Th,St,,Entire,,,,,1/2/2008
328,N,24Th,St,,Entire,,,,,1/2/2008
432,N,42nd,St,,Entire,,,,,1/2/2008
2506,,Howard,St,,Entire,,,,,1/2/2008
2715,,Howard,St,,Entire,,,,,1/2/2008
17016,,Abbotts Beach,Rd,,Entire,,,,,1/7/2008
307,N,38th,St,,Entire,,,,,1/8/2008
5300,E,Indian,Trl,,Entire,,,,,1/8/2008
1221,S,Brook,St,,Entire,,,,,1/22/2008
5204,,Cedrus,Cir,,Entire,,,,,1/25/2008
1715,,Garland,Ave,,Entire,,,,,1/25/2008
2234,,Garland,Ave,,Entire,,,,,1/25/2008
729,E,Jacob,St,,Entire,,,,,1/25/2008
2008,W,Jefferson,St,,Rear,,,,,1/25/2008
1212,,Fischer ,Ave,,Rear,,,,,1/30/2008
2307,W,Jefferson,St,,Entire,,,,,1/30/2008
821,,Dearborn,Ave,,Entire,,,,,2/1/2008
2510,W,Jefferson,St,,Rear,,,,,2/1/2008
313,N,21st,St,,Entire,,,,,2/13/2008
1613,,Dumesnil,St,,Entire,,,,,2/13/2008
2604,W,Jefferson,St,,Rear,,,,,2/13/2008
2714,W,Jefferson,St,,Entire,,,,,2/18/2008
2034,,Portland,Ave,,Entire,,,,,2/18/2008
2034,,Portland ,Ave,,Entire,,,,,2/18/2008
3230,W,Jefferson,St,,Rear,,,,,2/21/2008
3519,,Greenwood,Ave,,Entire,,,,,2/26/2008
3715,,Greenwood,Ave,,Entire,,,,,2/26/2008
1500,W,Jefferson ,St,,Entire,,,,,2/26/2008
10710,,Jefferson Hill,Rd,,Entire,,,,,2/26/2008
1764,W,Burnett,Ave,,Entire,,,,,2/28/2008
5608,,Johnsontown,Rd,,Entire,,,,,2/28/2008
632,,Jordan,Ave,,Entire,,,,,3/3/2008
610,S,20th,St,,Entire,,,,,3/7/2008
634,,Jordan,Ave,,Entire,,,,,3/7/2008
4200,,Bubbling Over,Dr,,Entire,,,,,3/13/2008
1620,W,Kentucky,St,,Entire,,,,,3/13/2008
356,N,27th,St,,Entire,,,,,3/17/2008
2709,,Chickasaw,Ave,,Entire,,,,,3/20/2008
1716,W,Kentucky,St,,Entire,,,,,3/20/2008
1741,W,Kentucky,St,,Entire,,,,,4/7/2008
2213,W,Kentucky,St,,Rear,,,,,4/7/2008
1728,,Prentice,St,,Entire,,,,,4/7/2008
736,S,16th,St,,Entire,,,,,4/8/2008
1025,,Dixie ,Hwy,,Entire,,,,,4/8/2008
2301,W,Kentucky,St,,Entire,,,,,4/8/2008
9308,,Smyrna,Pkwy,,Entire,,,,,4/8/2008
1039,,Dixon,Ave,,Entire,,,,,4/11/2008
2613,W,Kentucky,St,,Entire,,,,,4/14/2008
2611,W,Kentucky,St,,Entire,,,,,4/17/2008
2706,W,Kentucky,St,,Entire,,,,,4/17/2008
221,S,32nd,St,,Entire,,,,,4/18/2008
2910,W,Kentucky,St,,Entire,,,,,4/21/2008
615,N,29th,St,,Entire,,,,,4/23/2008
2915,W,Kentucky,St,,Entire,,,,,4/23/2008
2218,,Duncan,St,,Entire,,,,,5/23/2008
629,N,28th,St,,Entire,,,,,6/20/2008
538,N,17th ,St,,Entire,,,,,6/23/2008
3318,,Kramers,Ln,,Entire,,,,,6/23/2008
4615,,Lake Dreamland,Rd,,Entire,,,,,6/27/2008
927,,Schiller,Ct,,Entire,,,,,6/27/2008
2430,,Elliott,Ave,,Entire,,,,,7/11/2008
4117,,Lake Dreamland ,Rd,,Entire,,,,,7/11/2008
536,,Lampton,St,,Entire,,,,,7/14/2008
1605,S,Shelby,St,,Entire,,,,,7/14/2008
927,,Shelby,Pkwy,,Entire,,,,,7/21/2008
410,N,44th,St,,Entire,,,,,7/25/2008
3433,,Larkwood,Ave,,Entire,,,,,7/25/2008
7514,,Cedar Creek,Rd,,Entire,,,,,7/30/2008
4016,,Larkwood,Ave,,Entire,,,,,7/31/2008
2008,,St Louis,Ave,,Entire,,,,,7/31/2008
6607,,Daytona,Ave,,Entire,,,,,8/13/2008
2137,W,Lee,St,,Entire,,,,,8/13/2008
2320,W,Lee,St,,Entire,,,,,8/18/2008
11813,,Leemont,Dr,,Entire,,,,,8/18/2008
1929,,Olive,St,,Entire,,,,,8/18/2008
410,N,20th,St,,Garage,,,,,8/22/2008
3110,,Lenover,Dr,,Entire,,,,,8/22/2008
6506,,Lewis,Ln,,Entire,,,,,8/22/2008
1508,,Lexington,Rd,,Entire,,,,,8/25/2008
4312,,Wilshire,St,,Entire,,,,,8/25/2008
2921,,Griffiths,Ave,,Entire,,,,,8/27/2008
4242,,Louisville,Ave,,Entire,,,,,8/27/2008
335,N,23rd,St,,Rear,,,,,8/28/2008
6708,,Lower Hunters,Trace,,Entire,,,,,8/28/2008
2206,,Peaslee,Rd,,Garage,,,,,8/28/2008
2908,,Garfield,Ave,,Entire,,,,,9/4/2008
1800,,Lytle,St,,Entire,,,,,9/4/2008
1804,,Lytle,St,,Entire,,,,,9/8/2008
1723,W,Market,St,,Entire,,,,,9/8/2008
3230,,Larkwood,Ave,,Entire,,,,,9/16/2008
1817,,Lytle,St,,Entire,,,,,9/16/2008
4623,,Lake Dreamland,Rd,,Entire,,,,,9/18/2008
1823,,Lytle,St,,Entire,,,,,9/18/2008
5,,Grand Avenue,Ct,,Entire,,,,,9/22/2008
918,S,Hancock,St,,Entire,,,,,9/22/2008
1826,,Lytle,St,,Entire,,,,,9/22/2008
1830,,Lytle,St,,Entire,,,,,9/22/2008
1405,,Hemlock,St,,Entire,,,,,9/30/2008
1834,,Lytle,St,,Entire,,,,,9/30/2008
110,S,34th,St,,Entire,,,,,10/8/2008
1845,,Lytle,St,,Entire,,,,,10/8/2008
2025,,Lytle,St,,Entire,,,,,10/9/2008
6804,,Shepherdsville,Rd,,Entire,,,,,10/9/2008
2516,W,Jefferson,St,,Entire,,,,,10/10/2008
2306,,Lytle,St,,Entire,,,,,10/10/2008
2812,,Lytle,St,,Entire,,,,,10/10/2008
2818,,Lytle,St,,Entire,,,,,10/14/2008
1316,,Olive,St,,Entire,,,,,10/15/2008
928,S,Shelby,St,,Entire,,,,,10/15/2008
1352,S,1st,St,,Entire,,,,,10/20/2008
117,S,20th,St,,Entire,,,,,10/28/2008
322,N,21st,St,,Entire,,,,,10/28/2008
851,S,23rd,St,,Entire,,,,,10/28/2008
2120,W,Madison,St,,Entire,,,,,10/28/2008
2203,W,Madison,St,,Entire,,,,,10/28/2008
2224,W,Madison,St,,Entire,,,,,10/28/2008
2303,,Madison,St,,Entire,,,,,10/28/2008
2215,,Dumesnil,St,,Entire,,,,,10/29/2008
2607,W,Madison,St,,Entire,,,,,10/29/2008
5305,,Layne,Rd,,Entire,,,,,11/3/2008
2815,W,Madison,St,,Entire,,,,,11/3/2008
2131,W,Madison,St,,Entire,,,,,11/11/2008
6515,,Shirley,Ave,,Entire,,,,,11/11/2008
1911,,Bank,St,,Entire,,,,,11/19/2008
3,,Grand Avenue,Ct,,Entire,,,,,11/19/2008
2333,,Magazine,St,,Entire,,,,,11/19/2008
2507,,Magazine,St,,Entire,,,,,11/19/2008
2713,,Magazine,St,,Rear,,,,,11/19/2008
2721,,Magazine,St,,Entire,,,,,11/19/2008
1342,,Sale,Ave,,Entire,,,,,11/19/2008
1314,,Hemlock,St,,Entire,,,,,11/26/2008
2725,,Magazine,St,,Entire,,,,,11/26/2008
1825,W,Main,St,,Entire,,,,,12/10/2008
3004,,River Park,Dr,,Entire,,,,,12/10/2008
3700,,Wheeler,Ave,,Entire,,,,,12/12/2008
2606,,Woodland,Ave,,Entire,,,,,12/12/2008
2706,W,Main,St,,Entire,,,,,12/16/2008
311,S,20th ,St,,Entire,,,,,12/23/2008
2820,W,Main,St,,Rear,,,,,12/23/2008
4114,,Wheeler,Ave,,Entire,,,,,12/30/2008
1704,,Bicknell,Ave,,Entire,,,,,1/9/2009
201,N,36th,St,,Rear,,,,,1/12/2009
2409,W,Main ,S,,Rear,,,,,1/16/2009
1628,,Wilson,Ave,,Entire,,,,,1/16/2009
1384,,Dixie,Hwy,,Entire,,,,,1/20/2009
426,S,24th,St,,Entire,,,,,1/22/2009
3604,,Larkwood,Ave,,Entire,,,,,2/2/2009
1414,S,9th ,St,,Entire,,,,,2/3/2009
225,S,26th,St,,Entire,,,,,2/5/2009
2918,,Alford,Ave,,Entire,,,,,2/10/2009
2310,,Dulworth,Dr,,Entire,,,,,2/10/2009
2121,,Duncan,St,,Garage,,,,,2/11/2009
4216,E,Indian,Trl,,Entire,,,,,2/12/2009
3009,,Greenwood,Ave,,Entire,,,,,2/19/2009
1630,,Wilson,Ave,,Entire,,,,,2/24/2009
2729,,Algonquin,Pkwy,,Entire,,,,,3/3/2009
1747,W,Oak,St,,Entire,,,,,3/4/2009
2023,,Woodland,Ave,,Entire,,,,,3/5/2009
419,,South Park,Rd,,Garage,,,,,3/10/2009
241,S,39th,St,,Entire,,,,,3/17/2009
2728,W,Chestnut,St,,Entire,,,,,3/30/2009
4314,,Shepherdsville,Rd,,Entire,,,,,4/6/2009
2627,,St Xavier,St,,Entire,,,,,4/7/2009
208,N,22nd,St,,Entire,,,,,4/15/2009
1406,,Paul,Ave,,Garage,,,,,4/15/2009
4104,,Blevins Gap,Rd,,Entire,,,,,4/20/2009
1334,S,20th,St,,Entire,,,,,4/23/2009
1779,W,Ormsby,Ave,,Entire,,,,,4/24/2009
10004,,Brownsboro,Road,,Entire,,,,,5/6/2009
10006,,Brownsboro,Road,,Entire,,,,,5/6/2009
2737,,Algonquin,Pkwy,,Entire,,,,,5/13/2009
650,S,27th,St,,Rear Addition,,,,,5/19/2009
2412,,Cornwall ,St,,Entire,,,,,5/19/2009
2002,W ,Jefferson,St,,Rear Addition,,,,,5/20/2009
845,S,23rd,St,,Entire,,,,,5/29/2009
3804,,Miami,Ave,,Entire,,,,,5/30/2009
2121,W,Chestnut,St,,Entire,,,,,6/5/2009
2020,W,Market,St,,Entire,,,,,6/9/2009
830,,Dresden,Ave,,Entire,,,,,6/17/2009
2327,,Montgomery,St,,Entire,,,,,6/17/2009
1104,S,17th,St,,Entire,,,,,6/22/2009
8307,,Olive Hill,Ct,,Entire,,,,,6/22/2009
2234,W ,Muhammad Ali,Blvd,,Entire,,,,,6/25/2009
4110,,Camp Ground ,Road,,Entire,,,,,6/30/2009
2427,W,Chestnut,St,,Entire,,,,,7/16/2009
610,,Camp,St,,Entire,,,,,7/21/2009
6702,,Putman,St,,Entire,,,,,7/23/2009
714,E,Oak,St,,Entire,,,,,7/30/2009
6901,,Sylvania No 4,Rd,,Entire,,,,,8/6/2009
223,N,21st,St,,Entire,,,,,8/10/2009
5313,,Alba,Way,,Entire,,,,,8/13/2009
2101,,Grand,Ave,,Entire,,,,,8/19/2009
1504,,Catalpa,St,,Entire,,,,,8/25/2009
2201,,Duncan,St,,Entire,,,,,8/25/2009
849,S,23rd,St,,Entire,,,,,8/26/2009
3327,W,Kentucky,St,,Garage,,,,,8/27/2009
2647,,Algonquin,Pkwy,,Garage,,,,,8/31/2009
3526,,Herman,St,,Entire,,,,,9/4/2009
3620,,Herman,St,,Entire,,,,,9/4/2009
1838,,Lytle ,St,,Entire,,,,,9/11/2009
2026,,Rowan,St,,Entire,,,,,9/14/2009
6,,Grand Avenue,Ct,,Entire,,,,,9/16/2009
1343,S,26th,St,,Entire,,,,,9/18/2009
402,S,20th,St,,Entire,,,,,10/1/2009
246,S,41st,St,,Garage,,,,,10/1/2009
719,,Oldham,St,,Entire,,,,,10/6/2009
1511,,Maple,St,,Entire,,,,,10/9/2009
1378,,Dixie,Hwy,,Entire,,,,,10/12/2009
1723,W,Gaulbert,Ave,,Entire,,,,,10/19/2009
328,N,21st,St,,Entire,,,,,10/21/2009
680,S,38th,St,,Garage,40211,5,Shawnee,,10/22/2009
2525,,Slevin,St,,Entire,,,,,10/28/2009
725,S,24TH,St,,Entire,,,,,10/29/2009
4943,,Graston,Ave,,Entire,,,,,11/13/2009
3215,,Verna,Rd,,Garage,,,,,11/13/2009
1607,W,Kentucky,St,,Entire,,,,,11/17/2009
1725,W,Kentucky,St,,Entire,,,,,12/1/2009
2816,S,6th,St,,Entire,,,,,12/4/2009
1755,,Dumesnil,St,,Entire,,,,,12/12/2009
325,S,Jane,St,,Entire,,,,,12/14/2009
2530,,Duncan,St,,Entire,,,,,12/15/2009
2607,W,Muhammad Ali,Blvd,,Entire,,,,,12/21/2009
1455,,Dixie,Hwy,,Entire,,,,,1/8/2010
1721,W,Market,St,,Entire,,,,,1/19/2010
1509,,Anderson,St,,Entire,,,,,1/29/2010
2516,,Wilson,Ave,,Entire,,,,,1/29/2010
446,N,24th,St,,Entire,,,,,2/1/2010
2731,W,Madison,St,,Entire,,,,,2/4/2010
8602,,Canopus,Pl,,Entire,,,,,2/8/2010
2720,W,Madison,St,,Entire,,,,,2/11/2010
223,S,26th,St,,Entire,,,,,2/23/2010
1610,,Dumesnil,St,,Entire,,,,,2/25/2010
4121,W,Broadway,,,Garage,,,,,3/1/2010
1814,,Crop,St,,Entire,,,,,3/1/2010
2528,,Gilligan,St,,Entire,,,,,3/1/2010
3413,,Grand,Ave,,Entire,,,,,3/1/2010
2237,W,Muhammad Ali,Blvd,,Entire,,,,,3/3/2010
10200,,Ballardsville,Rd,,Entire,,,,,3/8/2010
2527,,Duncan,St ,,Entire,,,,,3/8/2010
1525,,Rowan,St,,Entire,,,,,3/8/2010
2611,W,Muhammad Ali,Blvd,,Garage,,,,,3/16/2010
419,,27th,St,,Entire,,,,,3/17/2010
2539,,Rowan,St,,Entire,,,,,3/17/2010
3026,,Wyandotte,Ave,,Entire,,,,,3/17/2010
863,S,24th ,St,,Entire,,,,,3/22/2010
716,S,45th,St,,Garage,,,,,3/23/2010
2903,,Bank,St,,Entire,,,,,4/2/2010
3800,,Cane Run,Rd,,Entire,,,,,4/13/2010
933,E,Muhammad Ali,Blvd,,Entire,,,,,4/13/2010
424,S,24th,St,,Entire,,,,,4/20/2010
1818,,Crop,St,,Entire,,,,,4/27/2010
713,E,Ormsby,Ave,,Entire,,,,,5/1/2010
546,,Rawlings,St,,Entire,,,,,5/7/2010
607,S,Campbell,St,,Entire,,,,,5/10/2010
13300,,Horncastle,Way,,Entire,,,,,5/12/2010
3405,,Greenwood,Ave,,Entire,,,,,5/13/2010
616,,Jordan,Ave,,Entire,,,,,5/13/2010
547,,Rawlings,St,,Entire,,,,,5/17/2010
1714,,Columbia,St,,Entire,,,,,5/18/2010
672,S,26th,St,,Garage,,,,,5/19/2010
1454,S,8th,St,,Entire,,,,,5/20/2010
1730,S,23rd,St,,Entire,,,,,5/24/2010
213,N,17th,St,,Entire,,,,,5/26/2010
2112,,Pirtle,St,,Entire,,,,,6/3/2010
209,N,24th,St,,Entire,,,,,6/4/2010
343,N,26th,St,,Garage,40212,3,Portland,,6/4/2010
104,S,33rd,Sr,,Garage,,,,,6/4/2010
2703,W,Muhammad Ali,Blvd,,Entire,,,,,6/15/2010
5309,,Cedrus,Circle,,Entire,,,,,7/2/2010
1704,,St Louis,Ave,,Entire,,,,,7/12/2010
2730,,Main ,St,,Entire,,,,,7/20/2010
432,S,29th,St,,Entire,,,,,7/23/2010
3238,W ,Jefferson,St,,Entire,,,,,7/23/2010
405,n,39th,St,,Garage,,,,,7/26/2010
5315,,Alba,Way,,Entire,,,,,7/30/2010
4002,E,Indian,Trl,,Entire,,,,,8/10/2010
4151,S,5th ,St,,Entire,,,,,8/12/2010
2214,W,Madison,St,,Entire,,,,,8/16/2010
1509,,Hemlock ,St,,Entire,,,,,8/17/2010
1511,,Hemlock ,St,,Entire,,,,,8/17/2010
2319,,Portland,Ave,,Rear,,,,,8/18/2010
5018,,Delaware ,St,,Entire,,,,,8/30/2010
810,,Mount Holly,Dr,,Entire,,,,,8/31/2010
317,S,43rd,St,,Entire,,,,,9/9/2010
106,,Boston,Ct,,Entire,,,,,9/9/2010
2333,,Rowan,St,,Entire,,,,,9/20/2010
2006,,Main ,St,,Entire,,,,,9/21/2010
2429,,Slevin,St,,Entire,,,,,9/27/2010
1401,,Story,Ave,,Entire,,,,,10/5/2010
2928,,Portland,Ave,,Entire,,,,,10/7/2010
2233,W,Kentucky,St,,Entire,,,,,10/11/2010
828,S,Louis Coleman Jr ,St,,Garage,,,,,10/12/2010
2312,,Standard ,Ave,,Entire,,,,,10/13/2010
433,S,24th,St,,Entire,,,,,10/18/2010
1713,,Bolling,Ave,,Garage,,,,,10/18/2010
2700,,Greenwood,Ave,,Garage,,,,,10/18/2010
2919,,Virginia,Ave,,Entire,,,,,10/18/2010
4509,,Cod ,Dr,,Entire,,,,,10/19/2010
1731,W,Hill,St,,Garage,,,,,10/25/2010
9911,,Lochwick,Way,,Entire,,,,,11/8/2010
3709,,Marvin,Ave,,Entire,,,,,11/8/2010
7630,,St Andrews Church,Rd,,Entire,,,,,11/9/2010
9,,Grand Avenue,Ct,,Entire,,,,,11/10/2010
530,,Lampton,St,,Entire,,,,,11/10/2010
2721,,Bank,St,,Entire,,,,,11/11/2010
2805,,New High ,St,,Entire,,,,,11/11/2010
1724,,Gallagher,St,,Entire,,,,,11/12/2010
108,N,17th ,St,,Entire,,,,,11/15/2010
1707,W,Market ,St,,Entire,,,,,11/15/2010
540,,Lampton,St,,Entire,,,,,11/22/2010
2216,,Garfield,Ave,,Entire,,,,,12/6/2010
1801,,Beech,St,,Entire,,,,,12/9/2010
2121,,Bank,St,,Entire,,,,,12/15/2010
3526,,Powell,Ave,,Entire,,,,,12/21/2010
2347,W,Madison,St,,Entire,,,,,12/28/2010
1812,,Columbia,St,,Entire,,,,,12/30/2010
6,,Creekside ,Ct,,Entire,,,,,1/13/2011
1521,,Hale,Ave,,Entire,,,,,1/18/2011
3809,,Parthenia ,Ave,,Entire,,,,,1/31/2011
2009,,Main ,St,,Entire,,,,,2/1/2011
1818,W,Market,St,,Entire,,,,,2/14/2011
2719,,Bank,St,,Entire,,,,,2/16/2011
3805,,Dixie,Hwy,,Entire,,,,,2/28/2011
612,N,17th ,St,,Entire,,,,,3/2/2011
2804,,Cleveland,Ave,,Entire,,,,,3/4/2011
3802,,Miami,Ave,,Entire,,,,,3/4/2011
203,E,Adair,St,,Entire,,,,,3/7/2011
1778,,Dumesnil,St,,Entire,40210,6,Park Hill,,3/25/2011
606,,Camp,St,,Entire,,,,,3/31/2011
526,,Eastern ,Pkwy,,Entire,,,,,3/31/2011
3413,,Bells,Lane,,Entire,,,,,4/11/2011
2727,,Magazine,St,,Entire,,,,,4/11/2011
3619,,Penway,Ave,,Entire,,,,,4/12/2011
4105,,Wilshire ,Ave,,Entire,,,,,4/13/2011
410,,Evergreen,Rd,,Entire,,,,,4/19/2011
636,S,18th,St,,Entire,,,,,4/29/2011
1141,S,8th,St,,Entire,,,,,4/29/2011
3019,,Greenwood,Ave,,Entire,,,,,5/3/2011
727,W,Whitney ,Ave,,Entire,,,,,5/9/2011
317,S,18th,St,,Entire,40203,4,Russell,,5/11/2011
957,,Waterbury,St,,Entire,,,,,5/16/2011
3314,W,Kentucky,St,,Entire,,,,,5/18/2011
2230,,Hale,Ave,,Entire,,,,,5/31/2011
915,S,Hancock,St,,Entire,,,,,5/31/2011
2141,,Belquin,Rd,,Entire,,,,,6/13/2011
315,,Fairmont ,Ave,,Entire,,,,,6/14/2011
7014,,Daisy,Ave,,Entire,,,,,6/23/2011
2621,S,5th ,St,,Entire,,,,,6/28/2011
7017,,Kentucky,Ave,,Entire,,,,,6/29/2011
2233,W,Chestnut,St,,Entire,,,,,6/30/2011
2235,W,Chestnut,St,,Entire,,,,,6/30/2011
2233-2235,W,Chestnut,St,,Entire,40211,4,Russell,,6/30/2011
3911,,Schmitt,Rd,,Entire,,,,,6/30/2011
2314,,Wilson,Ave,,Entire,,,,,7/15/2011
3143,,Vermont,Ave,,Entire,,,,,7/25/2011
2623,,St Xavier,St,,Entire,,,,,8/4/2011
732,S,35th,St,,Entire,,,,,8/15/2011
1927,,Frankfort,Ave,,Entire,,,,,8/15/2011
1260,S,Shelby,St,,Entire,,,,,8/19/2011
1758,,Algonquin ,Pky,,Garage,,,,,8/26/2011
1533,S,31st,St,,Entire,40211,3,Park Duvalle,,9/8/2011
2313,S,37th,St,,Entire,,,,,9/8/2011
514,,Wenzel,St,,Entire,,,,,9/8/2011
2209,W,Kentucky,St,,Entire,,,,,10/3/2011
520,E,Breckinridge,St,,Entire,,,,,10/7/2011
744,,Brent,St,,Entire,,,,,10/13/2011
2522,W,Muhammad Ali,Blvd,,Entire,,,,,10/19/2011
8920,,Beulah Church,Rd,,Entire,,,,,10/31/2011
819,E ,Burnett,Ave,,Entire,,10,,,11/4/2011
2128,,Date,St,,Entire,,,,,11/10/2011
650,S,27th ,St,,Entire,,5,,,11/23/2011
1519,,Hale,Ave,,Entire,,,,,11/23/2011
829,S,Louis Coleman Jr ,Dr,,Entire,,1,,,11/23/2011
1017-1019,S,Louis Coleman Jr ,Dr,,Entire,,1,,,11/23/2011
1225,,Cypress,St,,Entire,,,,,12/14/2011
2209,W,Burnett,Ave,,Entire,,,,,1/3/2012
1743,,St Louis,Ave,,Entire,,6,,,1/3/2012
1218,,Central ,Ave,,Garage,,,,,1/6/2012
3048,W,Muhammad Ali,Blvd,,Entire,,,,,1/10/2012
2709,W,Chestnut,St,,Entire,,5,,,1/17/2012
1727,,Hale,Ave,,Garage,,,,,1/23/2012
1430,,Hemlock,St,,Entire,,,,,1/25/2012
531,S,18th,St,,Entire,40204,4,Russell,,2/6/2012
643,S,23rd,St,,Entire,40211,6,Russell,,2/6/2012
1927,W,Chestnut,St,,Entire,,,,,2/6/2012
436,,Dr WJ Hodge,St,,Entire,,,,,2/6/2012
436,,Dr WJ Hodge,St,,Entire,40203,4,Russell,,2/6/2012
2230,,St. Xavier,St,,Entire,,5,,,2/6/2012
311,N,40th,St,,Entire,40212,5,Shawnee,,2/8/2012
4524,,Lake Dreamland,Rd,,Entire,,1,,,2/10/2012
2331,W,Chestnut,St,,Garage,,4,,,2/13/2012
2232,,Kaelin,Ave,,Garage,,8,,,2/23/2012
2100,,Bolling,Ave,,Entire,,3,,,2/27/2012
1132,,Samuel,St,,Entire,,1,,,2/28/2012
1419,S,28th,St,,Entire,,1,,,2/29/2012
4227,,Fordson,Way,,Garage,,1,,,3/7/2012
4402,,Lees,Lane,,Entire,,1,,,3/12/2012
662,S,36th ,St,,Entire,,5,,,3/13/2012
3707,,Ethel,Ave,,Entire,,10,,,3/13/2012
2613,,Northwestern,Pky,,Entire,,5,,,3/13/2012
2320,,Plymouth ,Ct,,Entire,,4,,,3/13/2012
2310,,Elmore,St,,Entire,,12,,,3/16/2012
227,N,19th,St,,Entire,,5,,,3/23/2012
229,N,19th,St,,Entire,,5,,,3/23/2012
1706,,Bolling,Ave,,Garage,,3,,,3/23/2012
9604,,El Prado,St,,Entire,,25,,,3/23/2012
3502,,College,Dr,,Entire,,20,,,3/26/2012
1551-1555,S,10th,St,,Entire,,6,,,4/4/2012
2139,,Rowan ,St,,Entire,,5,,,4/4/2012
713,,Lampton,St,,Entire,,4,,,4/30/2012
3721,,Parker,Ave,,Entire,,5,,,5/14/2012
2302,W,Madison,St,,Entire,,4,,,5/21/2012
2011,,Rowan,St,,Entire,,5,,,5/23/2012
2820,S,4th,St,,Entire,,15,,,6/22/2012
4607,,Lake Dreamland,Rd,,Entire,,1,,,6/28/2012
2320,,Columbia,St,,Entire,,4,,,6/29/2012
3810,,Northumberland,Dr,,Garage,,17,,,6/29/2012
1732,W,Oak,St,,Entire,,6,,,6/29/2012
1734,W,Oak,St,,Entire,,6,,,6/29/2012
13000,,Scotts Gap,Rd,,Entire,,14,,,6/29/2012
3314,W,Main,St,,Entire,,5,,,7/6/2012
1532,S,31st,St,,Entire,,3,,,7/30/2012
447,S,32nd,St,,Garage,,5,,,7/30/2012
3409,W,Kentucky,St,,Entire,,1,,,7/30/2012
7112,,Bunger,Ave,,Entire,,14,,,8/8/2012
4408,,Exley ,Ct,,Entire,,1,,,8/8/2012
4413,,Exley ,Ct,,Entire,,1,,,8/8/2012
3217,,Kemmons,Dr,,Entire,,,,,8/23/2012
3219,,Kemmons,Dr,,Entire,,,,,8/23/2012
3228,,Kirby,Ave,,Entire,,1,,,8/28/2012
2225,,Woodland,Ave,,Entire,,6,,,9/10/2012
1755,W,Ormsby,St,,Entire,,6,,,9/12/2012
2722,,Rodman,St,,Entire,,6,,,9/17/2012
951,E,Oak,St,,Entire,,4,,,9/20/2012
425,S,28th,St,,Entire,40212,5,Russell,,9/25/2012
1557,S,7th,St,,Garage,,6,,,9/27/2012
2539,,Duncan,St,,Entire,,5,,,10/11/2012
2706,,Slevin,St,,Entire,,5,,,10/22/2012
2708,,Slevin,St,,Entire,,5,,,10/22/2012
202,N,39th,St,,Entire,,3,,,10/25/2012
2814,,Duncan,St,,Entire,,5,,,10/26/2012
6609,,Melrose,Ave,,Entire,,1,,,10/26/2012
1774,W,Ormsby,Ave,,Entire,40210,6,Park Hill,,11/8/2012
1815,,Bank,St,,Entire,40203,5,Portland,,11/14/2012
1852-1854,,Portland,Ave,,Entire,,5,,,11/19/2012
526,,Zane,St,,Entire,,6,,,12/5/2012
828,S,41st,St,,Entire,,5,,,12/12/2012
1635,,Dixdale,Ave,,Garage,,3,,,12/19/2012
2000,,Portland,Ave,,Entire,,5,,,12/20/2012
930,S,Shelby,St,,Entire,,4,,,12/21/2012
3809,,Dixie,Hwy,,Entire,,3,,,12/26/2012
2819,,Virginia,Ave,,Entire,,1,,,1/7/2013
3225,,Virginia,Ave,,Entire,,1,,,1/7/2013
4138,,Broadway,,,Entire,,1,,,1/18/2013
1638,,Gallagher,St,,Entire,,6,,,1/22/2013
3313,,Hale,Ave,,Entire,,1,,,1/22/2013
3806,,Broadway,,,Garage,,5,,,1/23/2013
4336,S,3rd,St,,Entire,,15,,,1/25/2013
1953,S,16th,St,,Entire,,6,,,1/28/2013
1232,,Algonquin ,Pky,,Entire,,3,,,1/30/2013
1840,W,Kentucky,St,,Porch Roof,,6,,,1/30/2013
2020,,Wilson,Ave,,Entire,,6,,,1/30/2013
6212,,Mockingbird,Lane,,Entire,,14,,,2/5/2013
1955,S,16th,St,,Entire,,6,,,2/6/2013
125,,Boston,Ct,,Entire,,5,,,2/6/2013
714,,Oakland,Ave,,Entire,,6,,,2/6/2013
3032,,Penway,Ave,,Entire,,3,,,2/7/2013
208,S,28th,St,,Entire,,5,,,2/11/2013
641,,Mix,Ave,,Entire,,6,,,2/11/2013
6658,,Sylvania,Rd,,Entire,,12,,,2/11/2013
329,N,43rd,St,,Entire,,5,,,2/14/2013
4405,,Sunset,Ave,,Entire,,5,,,2/14/2013
400,,Mount Holly,Rd,,Entire,,13,,,2/22/2013
1517,,Gallagher,St,,Entire,,6,,,2/28/2013
2124,W,Madison,St,,Entire,,4,,,2/28/2013
2707,W,Kentucky,St,,Garage,,6,,,3/8/2013
13305,,Forge,Cir,,Entire,,14,,,3/11/2013
3030,,Millers,Lane,,Garage,,3,,,3/14/2013
317,N,20th,St,,Entire,,5,,,3/18/2013
410,S,26th,St,,Entire,,5,,,3/27/2013
1221,,Cypress,St,,Entire,,1,,,4/12/2013
1768,,Dumesnil,St,,Entire,,6,,,4/12/2013
1706,,St Louis,Ave,,Entire,40210,6,Park Hill,,4/12/2013
625,,Mix,Ave,,Entire,,6,,,4/16/2013
1721,,Lytle ,St,,Entire,,5,,,4/18/2013
406,N,20th,St,,Entire,,5,,,4/22/2013
3808,,Pflanz,Ave,,Entire,,5,,,4/22/2013
2723,,Magazine,St,,Entire,,5,,,4/25/2013
700,W,Whitney,Ave,,Entire,,15,,,4/26/2013
1152,,Ellerholt,Ct,,Entire,40211,1,Chickasaw,,5/3/2013
634,S,18th,St,,Entire,40203,4,Russell,,5/9/2013
2413,W,Main,St,,Entire,40212,5,Portland,,5/9/2013
2824,,Slevin,St,,Entire,40212,5,Portland,,5/15/2013
3426,,Hale,Ave,,Entire,40211,1,Chickasaw,,5/16/2013
609,S,39th,St,,Entire,40211,5,Shawnee,,5/22/2013
1418,,Olive,St,,Entire,40210,3,Parkland,,5/22/2013
1271,S,Preston,St,,Entire,40203,4,Shelby Park,,5/22/2013
2531,W,Broadway,,,Entire,40211,6,Russell,,5/31/2013
1520,,Dumesnil,St,,Entire,40210,6,Park Hill,,6/3/2013
3020,,Hale,Ave,,Entire,40211,1,Parkland,,6/4/2013
4328,,Brook ,St,,Entire,40214,15,Wilder Park,,6/5/2013
4330,,Brook ,St,,Entire,40214,15,Wilder Park,,6/5/2013
11007,,Harrison,Lane,,Entire,40118,13,Fairdale,,6/13/2013
603,,South Park,Rd,,Entire,40118,13,Fairdale,,6/13/2013
2011,S,41st,St,,Entire,40211,1,N/A,,6/18/2013
1516,,Hemlock,St,,Entire,40211,3,Park Duvalle,,6/18/2013
1518,,Hemlock,St,,Entire,40211,3,Park Duvalle,,6/18/2013
3712,,Luken,Dr,,Entire,40216,3,Shively,,6/18/2013
1912,,Owen,St,,Entire,40203,5,Portland,,6/18/2013
1713,,Prentice,St,,Entire,40210,6,California,,6/18/2013
407,S,27th,St,,Entire,40212,5,Russell,,6/24/2013
2810,,Duncan,St,,Entire,40212,5,Portland,,6/24/2013
2812,,Duncan,St,,Entire,40212,5,Portland,,6/24/2013
1323,,Cypress,St,,Entire,40211,1,Park Hill,,6/25/2013
1116,,Lillian REAR,Ave,,Garage,40208,6,Taylor Berry,,6/25/2013
2719,,Magazine,St,,Entire,40211,5,Russell,,6/25/2013
4526,,Lake Dreamland,Rd,,Entire,40216,1,Lake Dreamland,,6/26/2013
4532,,Lake Dreamland,Road,,Entire,40216,1,Lake Dreamland,,6/26/2013
219,S,25th,St,,Entire,40212,5,Russell,,6/28/2013
624,,Atwood,St,,Entire,40217,15,St Joseph,,7/22/2013
2334,W,Madison,St,,Garage,40211,4,Russell,,7/22/2013
824,W,Whitney,Ave,,Entire,40215,15,Wyandotte,,7/22/2013
2923,W,Kentucky,St,,Entire,40211,6,Parkland,,7/23/2013
3909,,Bank,St,,Entire,40212,5,Portland,,7/31/2013
2738,,Bank ,St,,Entire,42012,5,Portland,,7/31/2013
2716,W,Madison,St,,Entire,40211,4,Russell,,7/31/2013
639,S,27th,St,,Entire,40211,5,Russell,,8/1/2013
704,W,Whitney ,Ave,,Entire,40215,15,Wyandotte,,8/1/2013
839,,Beecher,St,,Entire,40215,15,Wyandotte,,8/9/2013
3132,,Garland,Ave,,Entire,40211,1,Parkland,,8/9/2013
3138,,Garland,Ave,,Entire,40211,1,Parkland,,8/9/2013
2322,W,Muhammad Ali,Blvd,,Entire,40212,4,Russell,,8/9/2013
220,N,18th,St,,Entire,40203,5,Portland,,8/21/2013
1806,,Lytle ,St,,Entire,40203,5,Portland,,8/21/2013
3118,,Southern,Ave,,Entire,40211,3,Park Duvalle,,8/21/2013
4853,,Cane Run,Rd,,Entire,40216,1,PRP,,8/22/2013
13009,,Ashlawn,Dr,,Garage,40272,14,PRP,,9/3/2013
6507,,Lucerne,Ave,,Entire,40216,1,Lake Dreamland,,9/3/2013
1325,S,28th,St,,Entire,40211,1,Parkland,,9/5/2013
1339,S,32nd,St,,Entire,40211,1,Parkland,,9/5/2013
2211,W,Madison,St,,Entire,40211,4,Russell,,9/5/2013
3708,,Grand,Ave,,Entire,40211,6,Chickasaw,,9/9/2013
1786 1/2,W,Hill,St,,Entire,42010,3,Algonquin,,9/18/2013
3116,W,Jefferson,St,,Entire,40212,5,Russell,,9/18/2013
700,,Winkler,Ave,,Entire,40208,6,South Louisville,,9/18/2013
223,,Bonnie,Lane,,Entire,40218,10,Buechel,,9/26/2013
1340,,Dixie,Hwy,,Entire,40210,6,Park HIll,,9/26/2013
2820,,Garfield,Ave,,Garage,40212,5,Portland,,9/26/2013
3904,W,Main,St,,Entire,40212,5,Shawnee,,9/26/2013
1348,,Dixie,Hwy,,Entire,40210,6,Park HIll,,10/2/2013
1324,,Olive,St,,Entire,40211,1,Parkland,,10/8/2013
647,S,19th,St,,Entire,40203,4,Russell,,10/17/2013
3233,,Grand,Ave,,Entire,40211,1,Parkland,,11/4/2013
3106,,Woodland,Ave,,Entire,40211,1,Park Duvalle,,11/4/2013
504,N,34th,St,,Garage,40212,5,Portland,,11/6/2013
2128,,Chestnut,St,,Entire,40211,4,Russell,,11/20/2013
1428,,Dixie,Hwy,,Entire,40210,3,Park HIll,,12/2/2013
1505,,Hemlock,St,,Entire,40211,3,Park Duvalle,,12/16/2013
1534,,Hemlock,St,,Entire,40211,3,Park Duvalle,,12/16/2013
2627,,Rowan,St,,Entire,40212,5,Portland,,12/16/2013
1938,,Beech,St,,Entire,40210,3,Hallmark,,12/27/2013
2141,,Columbia,St,,Entire,40212,5,Portland,,12/27/2013
1419,,Hemlock,St,,Entire,40211,1,Parkland,,12/27/2013
1501,,Hemlock,St,,Entire,40211,3,Park Duvalle,,12/27/2013
2737,W,Market,St,,Entire,40212,5,Portland,,12/27/2013
2525,,Duncan,St,,Garage,40212,5,Portland,,1/2/2014
1620,,Berry,Blvd,,Entire,40215,15,Jacobs,,1/9/2014
500,,Florence,Ave,,Entire,40215,15,Wyandotte,,1/9/2014
3223,,Kirby,Ave,,Entire,40211,1,Parkland,,2/4/2014
2203,,St Louis,Ave,,Entire,40210,6,Park Hill,,2/4/2014
7410,,Mayrow,Dr,,Garage,40291,23,Fern Creek,,2/5/2014
616,S,20th,St,,Entire,40203,4,Russell,,2/24/2014
1405,S,28th,St,,Entire,40211,1,Parkland,,2/24/2014
644,,Davies,Ave,,Entire,40208,6,Algonquin,,2/24/2014
1727,W,Kentucky,St,,Rear,40210,6,California,,2/24/2014
1786,,Wilson,Ave,,Entire,40210,6,Park Hill,,2/24/2014
2912,,Slevin,St,,Entire,40212,5,Portland,,3/4/2014
1783,W,Gaulbert,Ave,,Entire,40210,3,Algonquin,,3/6/2014
2625,,Dixdale,Ave,,Entire,40210,3,Hallmark,,3/18/2014
2614,,Garland,Ave,,Entire,40211,6,Parkland,,3/18/2014
1427,S,28th,St,,Garage,40211,1,Parkland,,3/24/2014
634,E,St Catherine,St,,Entire,40203,4,Shelby Park,,3/25/2014
2234,,Date,St,,Entire,40210,6,California,,3/28/2014
665,,Louis Coleman Jr,Dr,,Entire,40211,5,Shawnee,,3/28/2014
1338,S,20th,St,,Entire,40210,6,Park Hill,,4/14/2014
2015,,Rowan,St,,Entire,40203,5,Portland,,4/14/2014
651,,Bergman ,St,,Entire,40203,4,Shelby Park,,4/15/2014
1320,S,26th,St,,Entire,40210,1,Park Hill,,4/16/2014
3229,,Larkwood,Ave,,Entire,40212,5,Shawnee,,5/5/2014
1005,E,Main,St,,Entire,40206,4,Butchertown,,5/5/2014
2103,,Hale,Ave,,Entire,40210,6,California,,5/8/2014
1423,,Longfield,Ave,,Entire,40215,15,Taylor Berry,,5/8/2014
1900,,Magazine,St,,Entire,40203,4,Russell,,5/8/2014
2406,,St Xavier ,St,,Entire,40212,5,Portland,,5/8/2014
3126,,Garland,Ave,,Entire,40211,1,Parkland,,5/9/2014
2126,,Standard ,Ave,,Entire,40210,3,Park Hill,,5/9/2014
2316,,Standard ,Ave,,Entire,40210,3,Park Hill,,5/9/2014
3808,,River Park,Dr,,Entire,40211,5,Shawnee,,6/3/2014
5021,,Delaware,Dr,,Entire,40218,2,Buechal,,6/9/2014
3804,,River Park,Dr,,Entire,40211,5,Shawnee,,6/9/2014
1256,S,Shelby,St,,Entire,40203,4,Shelby Park,,6/9/2014
2813,,Portland,Ave,,Entire,40212,5,Portland,,6/16/2014
1283,S,Preston,St,,Entire,40203,4,Shelby Park,,6/18/2014
1702,W,Kentucky,St,,Entire,40210,6,California,,6/19/2014
4918,,Broadmoor,Blvd,,Entire,40218,2,Buechel,,6/27/2014
4921,,Broadmoor,Blvd,,Entire,40218,2,Buechel,,6/27/2014
4212,,Algonquin ,Pky,,Garage,40211,1,Lake Dreamland,,6/30/2014
2522,,Gilligan,St,,Entire,40212,5,Portland,,6/30/2014
2110,,Ratcliffe,Ave,,Entire,40210,3,Lake Dreamland,,6/30/2014
3310,,Virginia,Ave,,Outbuilding,40211,1,Parkland,,6/30/2014
2630,,Grand,Ave,,Garage,40211,1,Parkland,,7/21/2014
2333,,Ackerman,Ct,,Entire,40212,4,Portland,,7/22/2014
2202,,Bolling ,Ave,,Entire,40210,3,Park Hill,,8/5/2014
4246,,Freeman,Ave,,Entire,40215,1,Lake Dreamland,,8/11/2014
4320,,Lynnview,Dr,,Entire,40216,1,Lake Dreamland,,8/11/2014
1231,S,22nd,St,,Entire,40210,6,Park Hill,,8/18/2014
1235,S,22nd,St,,Entire,40210,6,Park Hill,,8/18/2014
1369,,Cypress,Ave,,Entire,40211,1,Parkland,,8/28/2014
4001,,Sunflower,Ave,,Entire,40216,1,Lake Dreamland,,8/28/2014
2707,,Chickasaw,Ave,,Entire,40206,9,Clifton Heights,,9/5/2014
2514,,Garfield,Ave,,Entire,40212,5,Portland,,9/8/2014
1556,S,Shelby,St,,Entire,40217,4,Meriwether,,9/8/2014
3801,,Powell,Ave,,Entire,40215,15,Jacobs,,9/18/2014
2113,S,39th,St,,Entire,40211,1,Park Duvalle,,9/22/2014
2657,,Dixdale,Ave,,Entire,40210,3,Hallmark,,9/24/2014
1768,W,Burnett,Ave,,Garage,40210,3,Park Hill,,9/25/2014
2109,W,Ormsby,Ave,,Entire,40210,6,Park Hill,,10/6/2014
1430,,Sale,Ave,,Entire,40215,15,Taylor Berry,,10/6/2014
5410,,Wintergreen,Road,,Entire,40272,14,PRP,,10/6/2014
1724,W,Gaulbert,Ave,,Entire,40210,3,Algonquin,,10/9/2014
317,,Iowa,Ave,,Entire,40208,15,South Louisville,,10/9/2014
726,,Iowa,Ave,,Entire,40208,6,South Louisville,,10/15/2014
4017,,Lentz,Ave,,Entire,40215,15,Hazelwood,,10/17/2014
4016,,Parthenia,Ave,,Entire,40215,15,Hazelwood,,10/21/2014
1411,,Shingo,Ave,,Entire,40215,15,Iroquois,,10/21/2014
1415,S,8th,St,,Entire,40208,6,Park Hill,,10/29/2014
4229,,Hale ,Ave,,Garage,40211,1,Chickasaw,,10/29/2014
1626,,McCloskey,Ave,,Entire,40210,3,Algonquin,,10/29/2014
2308,,Garland,Ave,,Entire,40211,6,California,,11/3/2014
2310,,Standard,Ave,,Entire,40210,3,Park Hill,,11/3/2014
2310,,Standard ,Ave,,Entire,40210,3,Park Hill,,11/3/2014
1314-1316,,Baldwin ,Ave,,Entire,40210,6,Park Hill,,11/10/2014
3128,,Garland,Ave,,Entire,40211,1,Parkland,,11/17/2014
1814,W,Gaulbert,Ave,,Entire,40210,3,Algonquin,,11/17/2014
2324,,Ormsby,Ave,,Entire,40210,6,Park Hill,,11/17/2014
4419,,Bellevue,Ave,,Entire,40215,15,Wyandotte,,11/24/2014
2023,,Lytle ,St,,Entire,40203,5,Portland,,11/24/2014
1130-1132,,Salem,Ave,,Entire,40210,6,California,,11/24/2014
1513,W,Oak,St,,Entire,40210,6,California,,12/4/2014
1500,,Sale,Ave,,Garage,40215,15,Taylor Berry,,12/5/2014
5501,,Hitt,Rd,,Entire,40241,16,Worthington,,12/17/2014
1153,,Dixie,Hwy,,Entire,40210,6,California,,12/19/2014
1517,,Hemlock ,St,,Entire,40211,3,Park Duvalle,,12/19/2014
2126,W,Madison,St,,Entire,40211,3,Russell,,12/19/2014
3411,,Shagbark,Road,,Entire,40216,1,Lake Dreamland,,12/19/2014
3413,,Shagbark,Road,,Entire,40216,1,Lake Dreamland,,12/19/2014
3415,,Shagbark,Road,,Entire,40216,1,Lake Dreamland,,12/19/2014
3417,,Shagbark,Road,,Entire,40216,1,Lake Dreamland,,12/19/2014
3423,,Shagbark,Road,,Entire,40216,1,Lake Dreamland,,12/19/2014
1611,,Wilson,Ave,,Entire,40210,6,Park HIll,,12/21/2014
1729,,Bank,St,,Entire,40203,5,Portland,,12/29/2014
649,S,28th,St,,Entire,40211,5,Portland,,1/7/2015
2717,,Garland,Ave,,Entire,40211,6,Parkland,,1/7/2015
213,S,28th,St,,Entire,40212,5,Russell,,1/13/2015
1824,,Bolling ,Ave,,Entire,40210,3,Park Hill,,1/13/2015
1379,,Dixie,Hwy,,Entire,40210,6,Park Hill,,1/13/2015
1718,W,Kentucky,St,,Entire,40212,6,California,,2/2/2015
1327,,Temple,St,,Entire,40210,6,Park Hill,,2/2/2015
1348,,Sale,Ave,,Entire,40215,15,Tylor Berry,,2/4/2015
3714,,Center,St,,Entire,40215,15,Wyandotte,,2/10/2015
3317,,Hudson,Ave,,Entire,40211,1,Lake Dreamland,,2/10/2015
1721,W,Ormsby,Ave,,Entire,40210,6,Park Hill,,2/10/2015
2102,W,Ormsby,Ave,,Entire,40210,6,Park Hill,,2/10/2015
1632,,Beech,St,,Entire,40211,3,Park Duvalle,,3/17/2015
1727,,Hale,Ave,,Entire,40210,6,California,,3/17/2015
1631,,Prentice,St,,Entire,40210,6,California,,3/17/2015
1442,,Catalpa,St,,Entire,40211,1,Parkland,,3/18/2015
4211,,Vermont,Ave,,Shed,40211,5,Shawnee,,3/18/2015
2203,W,Burnett,Ave,,Entire,40210,3,Park Hill,,3/25/2015
2121,,Date,St,,Entire,40210,4,California,,3/25/2015
4611,,River Front,Dr,,Entire,40216,1,Lake Dreamland,,3/26/2015
1857,W,Ormsby,Ave,,Entire,40210,6,Park Hill,,3/30/2015
2707,,Slevin,St,,Outbuilding,40212,5,Portland,,4/7/2015
2710,,Slevin,St,,Entire,40212,5,Portland,,4/7/2015
1511,,Beech,St,,Entire,40211,3,Park Duvalle,,4/13/2015
1419,,Berry,Blvd,,Entire,40215,15,Taylor Berry,,4/13/2015
5525,,Bruce,Ave,,Entire,40210,25,Auburndale,,4/13/2015
1023,,Cecil,Ave,,Entire,40211,5,Chickasaw,,4/13/2015
533,E,Kentucky,St,,Shed,40203,4,Smoketown Jackson,,4/13/2015
1601,,Maple,St,,Entire,40210,6,California,,4/13/2015
2213,,St Louis,Ave,,Garage,40210,6,Park Hill,,4/13/2015
343,N,26th,St,,Entire,40212,3,Portland,,4/23/2015
1609,,Anderson,St,,Entire,40210,6,California,,4/23/2015
2710,W,Madison,St,,Entire,40211,5,Russell,,4/23/2015
718,S,23rd,St,,Entire,40211,6,California,,4/28/2015
542,S,18th,St,,Entire,40203,4,Russell,,4/29/2015
2808,S,5th,St,,Garage,40208,15,South Louisville,,4/30/2015
825,,Louis Coleman Jr,Dr,,Garage,40211,5,Parkland,,4/30/2015
2122,,Cleveland,Ave,,Entire,40212,5,Portland,,5/1/2015
1232,S,16th,St,,Entire,40210,6,Park Hill,,5/7/2015
8703,,Jumper,Place,,Entire,40291,22,Fern Creek,,5/8/2015
1450,S,8th,St,,Entire,40208,6,Russell,,5/11/2015
2609,W,Kentucky,St,,Entire,40211,6,Parkland,,5/19/2015
1404,,Woody,Ave,,Entire,40215,15,Iroquois,,5/21/2015
716,S,24th,St,,Entire,40211,6,California,,5/22/2015
1108,,Dixie,Hwy,,Entire,40210,6,California,,5/27/2015
819,,Dearborn,Ave,,Entire,40211,5,Chickasaw,,5/28/2015
2120,,Bolling,Ave,,Entire,40210,3,Park Hill,,6/2/2015
1624,W,Breckinridge,St,,Entire,40210,6,California,,6/9/2015
4140,,Fordson,Way,,Entire,40211,1,Chickasaw,,6/9/2015
2225,,Garland,Ave,,Entire,40211,6,California,,6/9/2015
1762,W,Oak,St,,Entire,40210,6,Park Hill,,6/15/2015
629,,Cecil,Ave,,Entire,40211,5,Shawnee,,6/19/2015
2211,,Wilson,Ave,,Entire,40210,6,Park Hill,,6/22/2015
1415,S,28th,St,,Entire,40211,1,Parkland,,6/24/2015
1941,S,30th,St,,Entire,40210,3,Hallmark,,6/29/2015
2612,,Grand,Ave,,Entire,40211,1,Parkland,,6/29/2015
8814,,Beulah Church,Rd,,Rear,40291,22,Fern Creek,,6/30/2015
1621,,Bank,St,,Entire,40203,5,Portland,,8/10/2015
3114,,Northwestern,Pkwy,,Entire,40212,5,Portland,,8/10/2015
1133,S,2nd,St,,Entire,40203,6,Old Louisville,,8/14/2015
1617,,Bank,St,,Entire,40203,5,Portland,,8/14/2015
1309,,Cleo,Ave,,Entire,40213,2,Camp Taylor,,8/14/2015
3415,,Dearcy,Ave,,Entire,40215,15,South Louisville,,8/14/2015
1045,S,Jackson,St,,Entire,40203,4,Shelby Park,,8/20/2015
4140,,Fordson REAR,Way,,Garage,40211,1,Chickasaw,,8/27/2015
2632,,Hale,Ave,,Entire,40211,1,Parkland,,8/27/2015
1105,,Logan,St,,Outbuilding,40204,4,Shelby Park,,8/27/2015
4153,,Hale,Ave,,Entire,40211,1,Chickasaw,,9/1/2015
1335,,Olive,St,,Garage,40211,1,Parkland,,9/1/2015
303,S,38th,St,,Entire,40212,5,Shawnee,,9/4/2015
1834,,Greenwood,Ave,,Entire,40210,6,California,,9/4/2015
1625,W,Ormsby,Ave,,Entire,40210,6,Park Hill,,9/4/2015
749,,Clay,St,,Entire,40203,4,Smoketown Jackson,,9/11/2015
821,S,33rd,St,,Entire,40211,5,Parkland,,9/14/2015
1512,,Anderson,St,,Entire,40210,4,California,,9/14/2015
2616,W,Kentucky,St,,Entire,40211,15,Parkland,,9/14/2015
1828,W,Ormsby,Ave,,Entire,40210,6,Park Hill,,9/14/2015
2319,W,Ormsby,Ave,,Entire,40210,6,Park Hill,,9/14/2015
2216,,Standard,Ave,,Entire,40210,3,Park Hill,,9/14/2015
3355,,Camp Ground,Rd,,Entire,40211,1,Lake Dreamland,,9/18/2015
627,E,Ormsby,Ave,,Entire,40203,4,Shelby Park,,9/18/2015
1006,,Rogers,St,,Entire,40204,4,Phoenix Hill,,9/18/2015
1524,W,St Catherine,St,,Entire,40210,6,California,,9/18/2015
3324,,Blanton,Lane,,Rear,40214,12,Pleasure Ridge Park,,9/21/2015
1619,W,Ormsby,Ave,,Entire,40210,6,Park Hill,,9/21/2015
8509,,Tolls,Lane,,Garage,40214,13,Fairdale,,9/24/2015
10417,,La Plaza,Ave,,Entire,40272,14,Pleasure Ridge Park,,9/28/2015
805,S,Clay,St,,Entire,40203,4,Smoketown,,9/29/2015
412,S,27th,St,,Entire,40212,5,Russell,,10/1/2015
409,S,28th,St,,Entire,40212,5,Russell,,10/1/2015
1776,,Dumesnil,St,,Entire,40210,6,Park Hill,,10/1/2015
1629,W,Ormsby,Ave,,Entire,40210,6,Park Hill,,10/1/2015
1942,W,Chestnut,St,,Entire,40203,4,Russell,,10/2/2015
1547,,Gallagher,St,,Entire,40210,6,California,,10/2/2015
4916,,Mid,Dr,,Entire,40272,25,Pleasure Ridge Park,,10/6/2015
670,S,35th,St,,Entire,40211,5,Shawnee,,10/19/2015
3329,,Garland,Ave,,Entire,40211,5,Parkland,,10/19/2015
2710,,Gilligan,St,,Entire,40212,5,Portland,,10/19/2015
6511,,Shaffer,Lane,,Entire,40291,22,Fern Creek,,10/19/2015
2306,,St Louis,Ave,,Entire,40210,6,Park Hill,,10/19/2015
437,S,28th,St,,Entire,40212,3,Russell,,10/26/2015
1768,W,Burnett,Ave,,Entire,40210,3,Park Hill,,10/26/2015
3440,W,Jefferson,St,,Garage,40212,5,Shawnee,,10/26/2015
959,,Charles,St,,Entire,40204,10,Germantown,,10/27/2015
1704,,Gallagher,St,,Entire,40210,6,California,,11/2/2015
527,S,27th,St,,Entire,40211,5,Russell,,11/6/2015
813,S,38th,St,,Entire,40211,5,Chickasaw,,11/6/2015
1920,,Pirtle,St,,Entire,40203,4,Portland,,11/6/2015
3416,,Larkwood,Ave,,Entire,40212,5,Shawnee,,11/10/2015
849,S,26th,St,,Entire,40211,6,California,,11/11/2015
540,S,17th,St,,Entire,40203,4,Russell,,11/17/2015
611,N,17th,St,,Entire,40203,5,Portland,,11/17/2015
1733,,Wilson,Ave,,Entire,40210,6,Park Hill,,11/17/2015
5308,,Buckner,Ave,,Entire,40214,21,Iroquois,,12/1/2015
1734,W,Burnett,Ave,,Entire,40210,3,Park Hill,,12/2/2015
1616,,Hale,Ave,,Entire,40201,6,California,,12/3/2015
2417,,Cedar,St,,Entire,40212,5,Russell,,12/8/2015
1831,,Green,Aly,,Entire,40203,4,Russell,,12/8/2015
1824,W,Jefferson,St,,Entire,40203,4,Russell,,12/8/2015
1933,,Magazine,St,,Entire,40203,4,Russell,,12/8/2015
663,S,23rd,St,,Entire,40211,6,Russell,,12/18/2015
680,S,38th,St,,Garage,40211,5,Shawnee,,12/18/2015
2725,W,Chestnut,St,,Entire,40211,5,Russell,,12/18/2015
4304,,Larkwood,Ave,,Garage,40212,5,Shawnee,,12/18/2015
2030,W,Market,St,,Entire,40203,4,Russell,,12/18/2015
3418,,Shagbark,Rd,,Entire,40216,1,Richmont Terrace,,12/18/2015
2724,W,Chestnut,St,,Entire,40211,5,Russell,,12/28/2015
1723,,Bolling,Ave,,Entire,40210,3,Park Hill,,12/29/2015
1725,,Bolling,Ave,,Entire,40210,3,Park Hill,,12/29/2015
813,S,36th,St,,Entire,40211,5,Chickasaw,,1/8/2016
2705,W,Jefferson,St,,Entire,40212,3,Russell,,1/8/2016
1722,W,Ormsby,Ave,,Entire,40210,6,Park Hill,,1/8/2016
1655,,Prentice,St,,Entire,40210,6,California,,1/8/2016
622,E,Ormsby,Ave,,Entire,40203,4,Shelby Park,,1/13/2016
2136,,Duncan,St,,Entire,40212,5,Portland,,1/15/2016
2402,W,Chestnut,St,,Entire,40211,5,Russell,,1/19/2016
435-437,S,3rd,St,,Entire,40202,4,Downtown,,1/28/2016
2427,,Griffiths,Ave,,Entire,40212,5,Portland,,2/2/2016
2015,W,Market,St,,Entire,40203,3,Portland,,2/2/2016
3400,,Shagbark,Rd,,Entire,40216,1,Richmont Terrace,,2/2/2016
3419,,Shagbark,Rd,,Entire,40216,1,Richmont Terrace,,2/2/2016
1611,,Prentice,St,,Entire,40210,6,California,,2/4/2016
3420,,Shagbark,Rd,,Entire,40216,1,Richmont Terrace,,2/4/2016
10901,,Jefferson Hill,Rd,,Entire,40118,13,Fairdale,,2/8/2016
1912,W,Chestnut,St,,Entire,40203,4,Russell,,2/19/2016
2521,W,Jefferson,St,,Entire,40212,5,Russell,,2/19/2016
1252,,Euclid,Ave,,Entire,40208,3,Taylor Berry,,2/26/2016
614,S,28th,St,,Entire,40211,5,Russell,,3/9/2016
1827,W,Kentucky,St,,Entire,40210,6,California,,3/11/2016
2740,W,Main,St,,Entire,40212,5,Portland,,3/15/2016
2923,S,5th,St,,Entire,40208,15,South Louisville,,3/17/2016
617,,Dresden,Ave,,Entire,40215,15,Wyandotte,,3/29/2016
1733,W,Kentucky,St,,Entire,40210,6,California,,3/29/2016
2727,W,Madison,St,,Entire,40211,5,Russell,,3/29/2016
217,S,19th,St,,Entire,40203,4,Russell,,4/4/2016
1546,W,Oak,St,,Entire,40210,6,Park Hill,,4/4/2016
1548,W,Oak,St,,Entire,40210,6,Park Hill,,4/4/2016
1550,W,Oak,St,,Entire,40210,6,Park Hill,,4/4/2016
6516,,Flagler,Ave,,Garage,40216,1,Lake Dreamland,,4/8/2016
1155,,"Dixie, et al",Hwy,,Entire,40210,6,California,,4/27/2016
2728,W,Chestnut,St,,Entire,40211,5,Russell,3/2/2015,6/1/2016
1504,,Pirtle,St,,Entire,40203,4,Portland,3/3/2016,6/23/2016
620,N,29th,St,,Entire,40212,6,Portland,8/12/2015,6/29/2016
647,N,24th,St,,Entire,40212,5,Portland,5/23/2016,7/13/2016
3324,,Blanton,Ln,,Rear,40214,12,Pleasure Ridge Park,10/7/2014,8/1/2016
3322,,Woodland,Dr,,Entire,40216,1,Pleasure Ridge Park,10/12/2015,8/1/2016
1310,,Baldwin,St,,Entire,40210,6,Park Hill,1/6/2015,8/5/2016
1064,S,28th,St,,Entire,40211,1,Parkland,7/22/2016,8/8/2016
420,N,24th,St,,Entire,40212,5,Portland,3/7/2016,8/11/2016
2225,,Cedar,St,,Entire,40212,4,Russell,4/9/2015,8/11/2016
9503,,Chadbourne,Ct,,Entire,40223,7,Lyndon,6/3/2015,8/11/2016
1505,W,Market,St,,Entire,40203,4,Portland,6/21/2016,8/12/2016
331,E,St Catherine,St,,Entire,40203,6,Shelby Park,8/9/2016,8/26/2016
1746,,Bolling,Ave,,Entire,40210,3,Park Hill,8/13/2015,8/30/2016
4616,,Brewster,Ave,,Entire,40211,5,Chickasaw,3/26/2015,8/30/2016
2215,W,Chestnut,St,,Entire,40211,4,Russell,6/11/2015,8/30/2016
1765,,Wilson,Ave,,Entire,40210,6,Park Hill,8/4/2015,8/30/2016
2004,W,Market,St,,Entire,40203,4,Russell,3/27/2015,9/1/2016
2613,W,Chestnut,St,,Entire,40211,5,Russell,5/14/2015,9/6/2016
2617,W,Chestnut,St,,Entire,40211,5,Russell,8/31/2015,9/6/2016
2619,W,Chestnut,St,,Entire,40211,5,Russell,4/9/2015,9/6/2016
1820,,Bolling,Ave,,Garage,40210,3,Park Hill,2/29/2016,9/7/2016
729,,Caldwell,St,,Entire,40203,4,Smoketown,9/22/2014,9/12/2016
818,,Ash,St,,Entire,40217,4,Schnitzelburg,8/25/2016,9/14/2016
1910,,Baird,St,,Entire,40203,5,Portland,10/21/2015,9/15/2016
2218,W,Oak,St,,Entire,40211,6,Parkland,3/1/2016,9/15/2016
2216,,Portland,Ave,,Rear Porch & Outbuilding,40212,4,Portland,1/4/2016,9/15/2016
444,N,25th,St,,Entire,40212,5,Portland,12/22/2015,9/19/2016
823,E,Chestnut,St,,Entire,40204,4,Phoenix Hill,2/27/2015,10/3/2016
2416,W,Chestnut,St,,Entire,40211,5,Russell,10/28/2014,10/6/2016
3668,,Craig,Ave,,Entire,40215,15,Jacobs,10/12/2015,10/6/2016
2743,,Dumesnil,St,,Entire,40211,1,Parkland,3/7/2016,10/20/2016
2405,,Rowan,St,,Entire,40212,5,Portland,10/20/2015,10/20/2016
2407,,Rowan,St,,Entire,40212,5,Portland,10/23/2015,10/20/2016
323,S,42nd,St,,Entire,40212,5,Shawnee,3/7/2016,10/21/2016
842,S,22nd,St,,Entire,40211,6,California,10/15/2015,10/26/2016
640,,Davies,Ave,,Entire,40208,6,Algonquin,3/25/2015,10/31/2016
3412,W,Kentucky,St,,Garage,40211,1,Chickasaw,8/11/2015,10/31/2016
3634,,Vermont,Ave,,Entire,40211,5,Shawnee,12/30/2015,10/31/2016
310,N,41st,St,,Entire,40212,5,Shawnee,12/9/2015,11/2/2016
2507,,Garland,Ave,,Entire,40211,6,California,6/15/2015,11/9/2016
2325,,Ackerman,Ct,,Entire,40212,4,Portland,12/3/2015,11/10/2016
3305,,Rudd,Ave,,Entire,40212,5,Portland,7/1/2015,11/10/2016
1275,S,Preston,St,,Entire,40203,4,Shelby Park,6/18/2015,11/15/2016
219,S,28th,St,,Entire,40212,5,Russell,10/16/2015,11/18/2016
426,S,28th,St,,Entire,40212,5,Russell,1/16/2015,11/18/2016
428,S,28th,St,,Entire,40212,5,Russell,1/16/2015,11/18/2016
2016,,Duncan,St,,Entire,40203,5,Portland,1/11/2016,11/18/2016
3005,,Greenwood,Ave,R,Entire,40211,1,Parkland,3/28/2016,11/18/2016
828,,Hazel,St,,Entire,40211,1,Parkland,6/26/2015,11/28/2016
209,,Dr W J Hodge,St,,Entire,40203,4,Russell,2/2/2015,12/2/2016
2719,,Garland,Ave,,Entire,40211,6,Parkland,3/1/2016,12/9/2016
1702,,Hale,Ave,,Entire,40210,6,California,8/21/2015,12/13/2016
8508,,Shirley,Ln,,Entire,40258,14,Pleasure Ridge Park,8/18/2015,12/13/2016
106,S,42nd,St,,Entire,40212,5,Shawnee,11/23/2016,12/19/2016
1770,W,Burnett,Ave,,Entire,40210,3,Park Hill,10/21/2015,12/19/2016
3120,W,Kentucky,St,,Entire,40211,1,Parkland,12/11/2015,12/28/2016
3023,,Grand,Ave,,Entire,40211,1,Parkland,3/7/2016,12/30/2016
308,N,20th,St,,Entire,40203,5,Portland,3/15/2016,1/9/2017
2301,,7th Street,Rd,,Entire,40208,3,Taylor Berry,12/22/2015,1/9/2017
421,N,28th,St,,Entire,40212,5,Portland,10/22/2015,1/11/2017
1930,,Bank,St,,Entire,40203,5,Portland,8/3/2015,1/30/2017
2613,W,Madison,St,,Entire,40211,5,Russell,3/24/2015,1/30/2017
1028,,Dresden,Ave,,Garage,40215,15,Wyandotte/Oakdale,6/14/2016,1/31/2017
11101,,Harrison,Ln,,Entire,40118,13,Fairdale,6/26/2015,1/31/2017
1509,W,Market,St,,Entire,40203,4,Portland,12/2/2015,1/31/2017
1924,,Lytle,St,,Entire,40203,5,Portland,10/30/2015,2/1/2017
2311,,Ratcliffe,Ave,,Garage,40210,3,Lake Dreamland,6/16/2016,2/1/2017
2506,,Rowan,St,,Entire,40212,5,Portland,11/11/2015,2/9/2017
2121,,Duncan,St,,Entire,40212,5,Portland,4/21/2016,2/10/2017
126,,Pope,St,,Rear,40206,9,Clifton,2/10/2017,2/15/2017
2118,,Greenwood,Ave,,Entire,40210,6,California,7/31/2015,2/16/2017
1101,,Dixie,Hwy,,Entire,40210,6,California,2/6/2017,2/23/2017
2316,,Magazine,St,,Entire,40211,6,Russell,5/13/2016,2/23/2017
1828,W,Main,St,,Entire,40203,4,Portland,12/30/2015,3/7/2017
3502,,7th Street,Rd,,Entire,40216,3,Shively,1/30/2017,3/8/2017
2716,,Bank,St,,Entire,40212,5,Portland,3/17/2017,3/20/2017
3351,,Camp Ground,Rd,,Entire,40211,1,Lake Dreamland,12/16/2015,3/23/2017
406,N,21st,St,,Entire,40203,5,Portland,2/17/2016,3/27/2017
318,N,22nd,St,,Entire,40212,5,Portland,8/31/2016,3/27/2017
2510,,Columbia,St,,Entire,40212,5,Portland,3/28/2016,4/11/2017
310,E,Jacob,St,,Entire,40203,4,Smoketown,3/14/2017,4/14/2017
727,,Coke,St,,Entire,40203,4,Smoketown,7/19/2016,4/18/2017
1824,,Baird,St,,Entire,40203,5,Portland,2/24/2017,4/20/2017
2019,,Bank,St,,Entire,40203,5,Portland,4/3/2017,4/20/2017
1926,,Rowan,St,,Entire,40203,4,Portland,11/24/2014,4/20/2017
1216,S,15th,St,,Entire,40210,6,Park Hill,10/2/2014,4/24/2017
2043,S,41st,St,,Entire,40211,1,Remainder of City,7/15/2015,5/11/2017
2045,S,41st,St,,Entire,40211,1,Remainder of City,7/5/2015,5/11/2017
1117,W,Hill,St,,Entire,40210,6,Park Hill,4/25/2017,5/24/2017
1119,W,Hill,St,,Entire,40210,6,Park Hill,4/25/2017,5/24/2017
863,S,23rd,St,,Entire,40211,6,California,9/1/2015,6/5/2017
2635,,Greenwood,Ave,,Entire,40211,6,Parkland,10/9/2015,6/19/2017
720,,Lampton,St,,Entire,40203,4,Smoketown,4/27/2016,6/20/2017
1830,W,Jefferson,St,,Entire,40203,4,Russell,6/9/2017,6/23/2017
672,S,26th,St,,Entire,40211,5,Russell,3/27/2015,6/27/2017
335,N,23rd,St,,Entire,40212,5,Portland,4/29/2015,6/30/2017
113,S,41st,St,,Entire,40212,5,Shawnee,3/4/2016,6/30/2017
2120,,Allston,Ave,,Garage,40210,3,Lake Dreamland,2/23/2016,6/30/2017
2438,,Bank,St,,Entire,40212,5,Portland,11/16/2016,6/30/2017
2506,,Bolling,Ave,,Entire,40210,3,Park Hill,10/7/2015,6/30/2017
2329,,Cedar,St,,Entire,40212,4,Russell,7/15/2015,6/30/2017
2309,W,Chestnut,St,,Entire,40211,4,Russell,7/17/2015,6/30/2017
4617,,Hopewell,Rd,,Entire,40299,20,Jeffersontown,4/13/2016,6/30/2017
2019,W,Jefferson,St,,Entire,40203,4,Russell,3/17/2017,6/30/2017
1833,,Northwestern,Pky,,Entire,40203,5,Portland,3/14/2017,6/30/2017
1021,E,Washington,St,,Entire,40206,4,Butchertown,9/1/2016,6/30/2017
1615,E,Rockford,Ln,,Entire,40216,3,Shively,5/30/2017,7/11/2017
2917,,Virginia,Ave,,Entire,40211,1,Parkland,5/16/2016,7/27/2017
2561,,Bank,St,,Entire,40212,5,Portland,12/31/2015,7/31/2017
2905,,Bank,St,,Entire,40212,5,Portland,1/6/2016,7/31/2017
2040,,Portland,Ave,,Entire,40203,5,Portland,10/1/2015,8/1/2017
542,N,17th,St,,Entire,40203,5,Portland,2/9/2016,8/10/2017
301,N,26th,St,,Entire,40212,5,Portland,2/19/2016,8/14/2017
2323,,Rowan,St,,Entire,40212,4,Portland,8/16/2016,8/17/2017
661,S,23rd,St,,Entire,40211,6,Russell,8/6/2015,8/18/2017
621,W,Kentucky,St,,Entire,40203,6,Limerick,2/8/2017,8/21/2017
1166,S,41st,St,,Entire,40211,1,Chickasaw,5/19/2015,8/30/2017
4010,,Churchman,Ave,,Entire,40215,15,Hazelwood,8/9/2017,8/30/2017
6702,,Kenmore,Ave,,Entire,40216,1,Lake Dreamland,8/15/2017,8/30/2017
1826,,Standard,Ave,,Entire,40210,3,Park Hill,10/14/2016,8/30/2017
2512,,Garfield,Ave,,Entire,40212,5,Portland,3/1/2017,9/7/2017
4004,,Greenwood,Ave,,Entire,40211,1,Chickasaw,11/28/2016,9/11/2017
2502,,St Cecilia,St,,Entire,40212,5,Portland,3/27/2015,9/11/2017
2727,,Dumesnil,St,,Entire,40211,1,Parkland,4/25/2016,9/12/2017
2321,,Magazine,St,,Entire,40211,4,Russell,3/7/2016,9/13/2017
1146,,Louis Coleman Jr,Dr,,Entire,40210,1,Park Hill,1/18/2017,9/19/2017
1210,,Tennessee,Ave,,Entire,40208,6,Taylor Berry,9/6/2017,9/25/2017
3304,,Rudd,Ave,,Entire,40212,5,Portland,9/12/2017,9/28/2017
2719,W,Market,St,,Entire,40212,5,Portland,2/2/2017,10/2/2017
1335,,Olive,St,,Entire,40211,1,Parkland,6/15/2016,10/2/2017
103,N,30th,St,,Entire,40212,5,Portland,2/7/2017,10/5/2017
2827,,Northwestern,Pky,,Entire,40212,5,Portland,4/29/2015,10/5/2017
2312,W,Madison,St,,Entire,40211,4,Russell,6/13/2016,10/16/2017
3811,,Vermont,Ave,,Entire,40211,5,Shawnee,6/22/2015,10/16/2017
6609,,Elmwood,St,,Entire,40216,1,Lake Dreamland,10/10/2017,10/23/2017
1146,S,Preston,St,,Entire,40203,6,Shelby Park,9/26/2017,10/24/2017
425,N,28th,St,,Entire,40212,5,Portland,3/3/2016,10/30/2017
1765,W,Gaulbert,Ave,,Entire,40210,3,Algonquin,5/1/2015,10/30/2017
2317,W,Muhammad Ali,Blvd,,Entire,40212,4,Russell,8/29/2016,10/30/2017
2015,,Woodland,Ave,,Entire,40210,6,Park Hill,6/13/2016,11/1/2017
2822,W,Chestnut,St,,Entire,40211,5,Russell,9/22/2016,11/7/2017
2824,W,Chestnut,St,,Entire,40211,5,Russell,5/16/2017,11/7/2017
518,N,17th,St,,Entire,40203,5,Portland,9/14/2015,11/27/2017
520,N,17th,St,,Entire,40203,5,Portland,8/27/2015,11/27/2017
720,S,23rd,St,,Entire,40211,6,California,4/20/2015,11/27/2017
2537,,Owen,St,,Entire,40212,5,Portland,11/28/2016,11/27/2017
408,,Camp,St,,Entire,40203,4,Shelby Park,10/31/2017,12/8/2017
2613,,Portland,Ave,,Entire,40212,5,Portland,11/17/2017,12/11/2017
2435,,Elliott,Ave,,Entire,40211,3,Russell,3/20/2015,12/20/2017
2124,,Grand,Ave,,Entire,40210,6,California,10/23/2015,12/20/2017
709,N,34th,St,,Entire,40212,5,Portland,2/2/2016,12/29/2017
2903,W,Market,St,,Entire,40212,5,Portland,12/21/2016,12/29/2017
1859,W,Ormsby,Ave,,Entire,40210,6,Park Hill,10/30/2015,1/5/2018
2106,W,Ormsby,Ave,,Entire,40210,6,Park Hill,11/5/2015,1/5/2018
677,S,38th,St,,Entire,40211,5,Shawnee,3/20/2017,1/9/2018
3403,,Shanks,Ln,H,Entire,40216,1,Lake Dreamland,2/24/2017,1/11/2018
3403,,Shanks,Ln,,Entire,40216,1,Lake Dreamland,2/24/2017,1/11/2018
1712,W,Madison,St,,Entire,40203,4,Russell,12/11/2017,1/17/2018
4723,S,Overbrook,Dr,,Entire,40216,1,Lake Dreamland,9/20/2016,1/17/2018
2708,W,Chestnut,St,,Garage,40211,5,Russell,8/24/2017,1/24/2018
2423,,Elliott,Ave,,Entire,40211,6,Russell,4/4/2016,1/29/2018
2520,,Elliott,Ave,,Entire,40211,6,Russell,1/5/2018,1/29/2018
1008,S,32nd,St,,Entire,40211,1,Parkland,11/18/2016,1/30/2018
1520,,Hale,Ave,,Entire,40210,6,California,1/18/2017,1/31/2018
216,N,26th,St,,Entire,40212,5,Portland,11/16/2015,2/1/2018
1503,,Bicknell,Ave,,Entire,40215,15,Hazelwood,3/17/2017,2/1/2018
1821,W,Oak,St,,Entire,40210,6,California,5/13/2016,2/1/2018
3610,W,Muhammad Ali,Blvd,,Entire,40212,5,Shawnee,9/1/2016,2/5/2018
2419,,Bank,St,,Entire,40212,5,Portland,9/11/2015,2/20/2018
2434,,Elliott,Ave,,Entire,40211,6,Russell,1/29/2018,2/20/2018
6611,,Elmwood,St,,Entire,40216,1,Lake Dreamland,2/1/2018,2/20/2018
2711,,Elliott,Ave,,Entire,40211,6,Russell,7/30/2015,2/21/2018
1202,,Bourbon,Ave,,Entire,40213,10,Prestonia,1/24/2018,2/27/2018
114,,Dr W J Hodge,St,,Entire,40203,4,Portland,1/29/2018,3/6/2018
534,,Caldwell,St,,Entire,40203,4,Smoketown,7/7/2015,3/7/2018
1271,S,Floyd,St,,Rear,40203,6,Old Louisville,2/22/2018,3/7/2018
1527,,Dumesnil,St,,Entire,40210,6,Park Hill,9/22/2016,3/8/2018
2230,,Magazine,St,,Entire,40211,6,Russell,9/29/2016,3/12/2018
1636,,Nelligan,Ave,,Outbuilding,40203,5,Portland,9/12/2017,3/13/2018
2707,W,Kentucky,St,,Entire,40211,6,Parkland,11/18/2016,3/19/2018
2609,W,Jefferson,St,,Entire,40212,5,Russell,11/18/2016,4/11/2018
1260,S,Preston,St,,Entire,40203,6,Shelby Park,3/12/2018,4/11/2018
2412,,Dumesnil,St,,Entire,40210,6,Park Hill,7/10/2017,4/25/2018
534,N,31st,St,,Entire,40212,5,Portland,6/13/2017,5/14/2018
321,N,25th,St,R,Entire,40212,5,Portland,6/27/2017,5/15/2018
1638,,Nelligan,Ave,,Entire,40203,5,Portland,4/10/2018,5/23/2018
965,S,7th,St,,Entire,40203,6,Limerick,2/8/2017,5/25/2018
954,S,Floyd,St,,Entire,40203,4,Old Louisville,5/9/2018,5/29/2018
430,N,26th,St,,Entire,40212,5,Portland,4/27/2018,6/11/2018
967,S,7th,St,,Entire,40203,6,Limerick,11/18/2016,6/14/2018
2606,W,Madison,St,,Entire,40211,5,Russell,7/31/2015,6/18/2018
2334,W,Madison,St,,Entire,40211,4,Russell,2/15/2017,6/21/2018
2708,W,Madison,St,,Entire,40211,5,Russell,11/18/2016,6/21/2018
1711,,Meyers,Ln,,Entire,40216,3,Pleasure Ridge Park,5/3/2018,6/21/2018
2625,W,Madison,St,,Entire,40211,5,Russell,7/9/2015,6/26/2018
126,N,20th,St,,Entire,40203,4,Portland,7/28/2017,6/29/2018
128,N,20th,St,,Entire,40203,4,Portland,12/29/2016,6/29/2018
2017,,Bank,St,,Entire,40203,5,Portland,6/15/2018,6/29/2018
2000,,Duncan,St,,Entire,40203,5,Portland,6/18/2018,7/6/2018
935,E,Madison,St,,Entire,40204,4,Phoenix Hill,4/23/2018,7/12/2018
2611,W,Muhammad Ali,Blvd,,Entire,40212,5,Russell,11/17/2017,7/12/2018
102,N,26th,St,,Entire,40212,5,Portland,12/21/2017,7/17/2018
303,N,26th,St,,Entire,40212,5,Portland,8/23/2017,7/17/2018
1034,S,28th,St,,Entire,40211,1,Parkland,6/25/2018,7/17/2018
2822,,Garfield,Ave,,Entire,40212,5,Portland,5/24/2018,7/17/2018
2720,,Slevin,St,,Entire,40212,5,Portland,9/22/2016,7/17/2018
3502,,7th Street,Rd,,Entire,40216,3,Shively,1/30/2017,7/19/2018
454,N,25th,St,,Entire,40212,5,Portland,8/16/2017,7/30/2018
2219,,Congress,St,,Entire,40212,4,Russell,9/22/2016,7/30/2018
2125,,Magazine,St,,Entire,40211,4,Russell,4/4/2017,7/30/2018
2302,,Magazine,St,,Entire,40211,6,Russell,5/16/2017,7/30/2018
6401,,River,Rd,,Entire,40059,16,Harrods Creek,12/7/2016,8/7/2018
2200,,Dumesnil,St,,Entire,40210,6,Park Hill,2/29/2016,8/10/2018
1731,,Lytle,St,,Entire,40203,5,Portland,8/17/2016,8/10/2018
1348,S,26th,St,,Entire,40210,1,Park Hill,10/11/2016,8/13/2018
2745,W,Market,St,,Entire,40212,5,Portland,11/17/2017,8/13/2018
2749,W,Market,St,,Entire,40212,5,Portland,6/24/2015,8/13/2018
9911,,Mary Dell,Ln,,Entire,40291,20,Fern Creek,2/2/2017,8/13/2018
1855,W,Ormsby,Ave,,Entire,40210,6,Park Hill,11/17/2017,8/13/2018
2906,,Woodland,Ave,,Entire,40211,1,Parkland,7/23/2018,8/24/2018
621,S,22nd,St,,Entire,40211,4,Russell,11/17/2017,8/29/2018
223,S,23rd,St,,Entire,40212,4,Russell,11/18/2016,8/29/2018
215,S,24th,St,,Entire,40212,4,Russell,8/17/2017,8/29/2018
317,,Bayly,Ave,,Rear,40206,9,Crescent Hill,7/31/2018,8/29/2018
1818,,Duncan,St,,Entire,40203,5,Portland,8/3/2016,8/29/2018
926,,Euclid,Ave,,Entire,40208,6,Taylor Berry,3/27/2018,8/29/2018
1917,,Duncan,St,,Entire,40203,5,Portland,8/17/2018,8/30/2018
2328,,St Louis,Ave,,Entire,40210,6,Park Hill,8/15/2018,8/30/2018
2330,,St Louis,Ave,,Entire,40210,6,Park Hill,8/15/2018,8/30/2018
624,,Louis Coleman Jr,Dr,,Entire,40211,5,Shawnee,12/21/2017,9/10/2018
2911,W,Muhammad Ali,Blvd,,Entire,40212,5,Russell,2/24/2018,9/10/2018
1710,W,St Catherine,St,,Entire,40210,6,California,12/21/2017,9/10/2018
101,N,34th,St,,Entire,40212,5,Shawnee,12/21/2017,9/11/2018
521,N,19th,St,,Entire,40203,5,Portland,1/15/2018,9/17/2018
2427,,St Xavier,St,,Entire,40212,5,Portland,11/27/2017,9/17/2018
127,S,40th,St,,Entire,40212,5,Shawnee,5/19/2017,9/18/2018
1510,,Bicknell,Ave,,Entire,40215,15,Hazelwood,3/17/2017,9/20/2018
1532,,Dumesnil,St,,Entire,40210,6,Park Hill,9/17/2018,10/5/2018
1536,,Dumesnil,St,,Entire,40210,6,Park Hill,9/17/2018,10/5/2018
1921,W,Main,St,,Entire,40203,4,Portland,9/18/2018,10/5/2018
1814,W,Market,St,,Entire,40203,4,Russell,2/24/2017,10/8/2018
9922,,Plaudit,Way,R,Outbuilding,40272,14,Pleasure Ridge Park,5/10/2018,10/9/2018
2229,,Cedar,St,,Entire,40212,4,Russell,12/5/2017,10/15/2018
435,,Dr W J Hodge,St,,Entire,40203,4,Russell,4/10/2018,10/22/2018
3713,,Greenwood,Ave,,Entire,40211,1,Chickasaw,3/2/2018,10/22/2018
4612,E,Overbrook,Dr,,Entire,40216,1,Lake Dreamland,8/1/2017,10/30/2018
1771,W,Hill,St,,Garage,40210,3,Park Hill,2/12/2018,10/31/2018
2515,,St Xavier,St,,Entire,40212,5,Portland,1/10/2018,10/31/2018
2519,,St Xavier,St,,Entire,40212,5,Portland,2/19/2018,10/31/2018
2809,S,5th,St,,Entire,40208,15,South Louisville,10/15/2018,11/2/2018
2811,S,5th,St,,Entire,40208,15,South Louisville,10/15/2018,11/2/2018
523,N,19th,St,,Entire,40203,5,Portland,10/26/2018,11/9/2018
1519,,Gallagher,St,,Entire,40210,6,California,6/25/2018,11/9/2018
48,,Nichols,Dr,,Garage,40215,15,Jacobs,10/25/2018,11/9/2018
2719,W,Madison,St,,Entire,40211,5,Russell,5/16/2017,11/13/2018
332,N,27th,St,,Entire,40212,5,Portland,4/4/2017,11/16/2018
1845,,Bank,St,,Entire,40203,5,Portland,1/15/2018,11/19/2018
2527,W,Market,St,,Entire,40212,5,Portland,11/28/2017,11/20/2018
2122,W,Ormsby,Ave,,Entire,40210,3,Park Hill,6/19/2017,11/20/2018
3020,,Bank,St,,Entire,40212,5,Portland,12/5/2017,11/27/2018
3322,,Rudd,Ave,,Entire,40212,5,Portland,10/26/2018,11/27/2018
2614,W,Main,St,,Entire,40212,5,Portland,12/21/2017,12/10/2018
2703,W,Main,St,,Entire,40212,5,Portland,1/17/2018,12/10/2018
2512,W,Jefferson,St,,Entire,40212,5,Russell,11/14/2018,12/12/2018
1817,W,Market,St,,Entire,40203,4,Portland,8/15/2017,12/12/2018
113,S,19th,St,,Entire,40203,3,Portland,11/21/2018,12/18/2018
920,S,Jackson,St,,Entire,40203,4,Smoketown,11/9/2017,12/18/2018
967,,Logan,St,,Entire,40204,4,Smoketown,11/19/2018,12/18/2018
355,N,23rd,St,,Entire,40212,5,Portland,9/26/2018,12/21/2018
2222,W,Madison,St,,Entire,40211,4,Russell,11/30/2018,12/21/2018
401,,Louis Coleman Jr,Dr,,Entire,40212,5,Shawnee,12/13/2018,12/24/2018
568,,Lilly,Ave,,Entire,40217,15,Saint Joseph,12/12/2018,1/4/2019
2014,W,Market,St,,Entire,40203,4,Russell,12/28/2017,1/4/2019
3117,W,Jefferson,St,,Entire,40212,5,Russell,5/2/2018,1/7/2019
2415,,Lytle,St,,Entire,40212,5,Portland,9/24/2018,1/7/2019
403,,Louis Coleman Jr,Dr,,Entire,40212,5,Shawnee,12/26/2018,1/10/2019
119,S,23rd,St,,Entire,40212,4,Portland,4/16/2018,1/14/2019
319,N,20th,St,,Entire,40203,5,Portland,5/14/2018,1/18/2019
222,S,24th,St,,Entire,40212,5,Russell,1/9/2019,1/18/2019
2200,W,Oak,St,,Entire,40210,6,Park Hill,7/18/2018,1/18/2019
1700,,Owen,St,,Entire,40203,5,Portland,12/19/2018,1/18/2019
314,N,27th,St,,Entire,40212,5,Portland,1/22/2019,2/4/2019
316,N,27th,St,,Entire,40212,5,Portland,12/14/2018,2/4/2019
419,N,28th,St,,Entire,40212,5,Portland,11/9/2017,2/4/2019
336,N,22nd,St,,Entire,40212,5,Portland,8/1/2017,2/5/2019
1322,S,32nd,St,,Garage,40211,1,Parkland,8/3/2018,2/15/2019
1919,W,Madison,St,,Garage,40203,4,Russell,8/20/2018,2/15/2019
2800,,Slevin,St,,Entire,40212,5,Portland,4/24/2018,2/15/2019
2912,,Virginia,St,,Entire,40211,1,Parkland,1/29/2019,2/15/2019
1651,,Nelligan,Ave,,Entire,40203,5,Portland,2/6/2019,2/22/2019
1644,,Northwestern,Park,,Entire,40203,5,Portland,2/6/2019,2/22/2019
512,S,28th,St,,Entire,40211,5,Russell,4/24/2018,2/28/2019
1712,,Lytle,St,,Entire,40203,5,Portland,11/6/2018,2/28/2019
3352,,Peachtree,St,,Entire,40215,15,South Louisville,7/26/2018,2/28/2019
200,N,26th,St,,Entire,40212,5,Portland,1/30/2019,3/4/2019
2608,,Rowan,St,,Entire,40212,5,Portland,2/21/2019,3/4/2019
1008,S,28th,St,,Entire,40211,6,Parkland,10/30/2017,3/8/2019
2201,W,Chestnut,St,,Entire,40211,4,Russell,2/20/2019,3/8/2019
4432,,Wilshire,Ave,,Entire,40216,1,Lake Dreamland,2/12/2019,3/8/2019
3216,,Kirby,Ave,,Entire,40211,1,Parkland,4/29/2019,3/13/2019
1908,,Owen,St,,Entire,40203,5,Portland,6/4/2018,3/14/2019
1910,,Owen,St,,Entire,40203,5,Portland,8/30/2018,3/14/2019
1921,W,Market,St,,Entire,40203,5,Portland,2/13/2019,3/26/2019
132,N,Shawnee,Ter,,Entire,40212,5,Shawnee,2/14/2018,3/26/2019
612,S,22nd,St,,Entire,40211,4,Russell,3/18/2019,4/1/2019
425,,M,St,,Entire,40208,6,South Louisville,3/1/2019,4/1/2019
2417,,Portland,Ave,,Entire,40212,5,Portland,3/1/2019,4/1/2019
5905,,Shelby,St,,Entire,40291,22,Fern Creek,3/1/2019,4/2/2019
2425,,Griffiths,Ave,,Entire,40212,5,Portland,3/1/2019,4/8/2019
2013,W,Jefferson,St,,Entire,40203,4,Russell,3/14/2018,4/12/2019
535,S,22nd,St,,Entire,40211,4,Russell,6/22/2018,4/18/2019
2231,,Duncan,St,,Entire,40212,4,Portland,3/19/2018,4/23/2019
1917,,Magazine,St,,Entire,40203,4,Russell,2/2/2018,4/23/2019
2333,,Woodland,Ave,,Entire,40210,6,Park Hill,4/4/2019,4/23/2019
411,S,18th,St,,Entire,40203,4,Russell,8/16/2018,5/1/2019
3721,,Cliff,Ave,,Entire,40216,15,Wyandotte/Oakdale,2/7/2018,5/1/2019
419,,Montana,Ave,,Entire,40208,6,South Louisville,4/19/2019,5/6/2019
337,N,22nd,St,,Entire,40212,5,Portland,12/14/2018,6/3/2019
221,S,26th,St,,Entire,40212,5,Russell,12/14/2018,6/3/2019
521,N,31st,St,,Entire,40212,5,Portland,12/14/2018,6/3/2019
3132,W,Jefferson,St,,Entire,40212,5,Russell,12/21/2017,6/3/2019
3214,,Kirby,Ave,,Garage,40211,1,Parkland,4/29/2019,6/3/2019
3760,,Parthenia,Ave,,Garage,40215,15,Jacobs,7/19/2018,6/3/2019
2817,,Rowan,St,,Entire,40212,5,Portland,12/14/2018,6/3/2019
2650,,Bank,St,,Garage,40214,5,Portland,4/4/2018,6/5/2019
4134,,Greenwood,Ave,,Entire,40203,1,Chickasaw,5/16/2019,6/6/2019
3018,,Hale,Ave,,Entire,40211,1,Parkland,8/16/2018,6/10/2019
1024,,Dresden,Ave,,Garage,40215,15,Wyandotte,6/28/2018,6/12/2019
314,N,22nd,St,,Entire,40212,5,Portland,7/1/2018,6/13/2019
3313,,Bank,St,,Entire,40212,5,Portland,4/16/2018,6/18/2019
2702,,Bank,St,,Entire,40212,5,Portland,9/24/2018,6/20/2019
2421,,Duncan,St,,Entire,40212,5,Portland,5/24/2019,6/24/2019
2532,,Duncan,St,,Entire,40212,5,Portland,9/24/2019,6/24/2019
5101,S,Overbrook,St,,Entire,40216,1,Lake Dreamland,3/23/2018,6/27/2019
1440,,Catalpa,St,,Entire,40211,1,Parkland,12/14/2018,6/28/2019
1752,,Dumesnil,St,,Entire,40210,6,Park Hill,11/2/2018,6/28/2019
2438,,Elliott,Ave,,Entire,40211,6,Russell,5/4/2018,6/28/2019
2810,,Finn,Ave,,Entire,40208,15,South Louisville,5/2/2018,6/28/2019
1829,,Greenwood,Ave,,Entire,40210,6,California,10/16/2018,6/28/2019
1758,W,Ormsby,Ave,,Entire,40210,6,Park Hill,12/14/2018,6/28/2019
2224,,Osage,Ave,,Entire,40201,6,California,12/14/2018,6/28/2019
1842-1844,,Portland,Ave,,Entire,40203,5,Portland,5/16/2019,6/28/2019
954,S,Shelby,St,,Entire,40203,4,Smoketown,5/16/2019,6/28/2019
2100,,St Xavier,St,,Entire,40212,5,Portland,5/28/2019,6/28/2019
